"","EC.Number","Systematic.Name","Recommended.Name","Organism","Organism.Commentary","Organism.Literature..Pubmed.ID.","Km.Commentary","Km.value","Km.Substrate","Km.Literature..Pubmed.ID.","pH.Optimum.value","pH.Optimum.Literature..Pubmed.ID.","pH.Optimum.Commentary","Temperature.Optimum.value","Temperature.Optimum.Literature..Pubmed.ID.","Temperature.Optimum.Commentary","Temperature.Range.Literature..Pubmed.ID.","Temperature.Range.value","Temperature.Range.Commentary","Turnover.Number.Commentary","Turnover.Number.Literature..Pubmed.ID.","Turnover.Number.value","Turnover.Number.Substrate","Molecular.Weight.Literature..Pubmed.ID.","Molecular.Weight.value","Molecular.Weight.Commentary","Kcat.Km.Literature..Pubmed.ID.","Kcat.Km.value","Kcat.Km.Commentary","Kcat.Km.Substrate","pH.Range.Commentary","pH.Range.Literature..Pubmed.ID.","pH.Range.value","Specific.Activity.value","Specific.Activity.Commentary","Specific.Activity.Literature..Pubmed.ID.","pI.Literature..Pubmed.ID.","pI.value","pI.Commentary"
"1","3.2.1.8","4-beta-D-xylan xylanohydrolase","endo-1,4-beta-xylanase","Acidomyces acidophilus","gene XYL1","20621155; 20621155; ","Michaelis-Menten kinetics, wild-type and mutant enzymes, overview, wild-type enzyme Km for beechwood xylan is 14.8 mg/ml",-999,"more","19640703; ","4.7","19640703; ","mutant D60N/E141A","50.0-60.0","19640703; ","wild-type and mutant enzymes","19640703; ","25.0-70.0","","pH 4.0, 56&deg;C, beechwood xylan","19640703; ",68.2,"beta-1,4-xylan",NA,NA,NA,NA,NA,NA,NA,NA,NA,NA,NA,NA,NA,NA,NA,NA
"2","3.2.1.8","4-beta-D-xylan xylanohydrolase","endo-1,4-beta-xylanase","Alicyclobacillus sp.","cf. EC 3.2.1.55","26628911; 26628911; ",NA,NA,NA,NA,"7.0","19916085; ","","60.0","26628911; ","","19916085; ","40.0-65.0","XynA4 shows over 50% of maximal activity within this range",NA,NA,NA,NA,"19916085; ","42500.0","x ","26628911; ",0.33,"pH 6.0, 60&deg;C","xylotetraose","XynA4 shows over 40% of maximal activity within this range","19916085; ","3.8-9.4",NA,NA,NA,NA,NA,NA
"3","3.2.1.8","4-beta-D-xylan xylanohydrolase","endo-1,4-beta-xylanase","Alicyclobacillus sp.","isolated from a hot spring in Baoshan City, Yunnan Province, China, gene xynA4","19916085; 19916085; ",NA,NA,NA,NA,"7.0","19916085; ","","60.0","26628911; ","","19916085; ","40.0-65.0","XynA4 shows over 50% of maximal activity within this range",NA,NA,NA,NA,"19916085; ","42500.0","x ","26628911; ",0.02,"pH 6.0, 60&Acirc;&deg;C","xylohexaose","XynA4 shows over 40% of maximal activity within this range","19916085; ","3.8-9.4",NA,NA,NA,NA,NA,NA
"4","3.2.1.8","4-beta-D-xylan xylanohydrolase","endo-1,4-beta-xylanase","Alicyclobacillus sp. A4","cf. EC 3.2.1.55","26628911; 26628911; ",NA,NA,NA,NA,NA,NA,NA,NA,NA,NA,NA,NA,NA,NA,NA,NA,NA,NA,NA,NA,NA,NA,NA,NA,NA,NA,NA,NA,NA,NA,NA,NA,NA
"5","3.2.1.8","4-beta-D-xylan xylanohydrolase","endo-1,4-beta-xylanase","Alicyclobacillus sp. A4","isolated from a hot spring in Baoshan City, Yunnan Province, China, gene xynA4","19916085; 19916085; ",NA,NA,NA,NA,NA,NA,NA,NA,NA,NA,NA,NA,NA,NA,NA,NA,NA,NA,NA,NA,NA,NA,NA,NA,NA,NA,NA,NA,NA,NA,NA,NA,NA
"6","3.2.1.8","4-beta-D-xylan xylanohydrolase","endo-1,4-beta-xylanase","Ampullaria crossean","","18989576; 18989576; ",NA,NA,NA,NA,"6.0","18989576; ","recombinant EGXA with xylan as substrate","45.0","18989576; ","recombinant EGXA with xylan as substrate",NA,NA,NA,NA,NA,NA,NA,"18989576; ","63000.0","1 ",NA,NA,NA,NA,NA,NA,NA,"391.8","recombinant EGXA with xylan as substrate","18989576; ",NA,NA,NA
"7","3.2.1.8","4-beta-D-xylan xylanohydrolase","endo-1,4-beta-xylanase","Arthrobacter sp.","isolated from the feces of Grus nigricollis","25331377; 25331377; ","truncated variant XynAGN16L, Km value 2.6 mg/ml, truncated variant 1.2 mg/ml, respcetively, pH 6.5, 37&deg;C",-999,"birchwood xylan","25331377; ","6.5","25331377; ","","45.0","25331377; ","",NA,NA,NA,NA,NA,NA,NA,NA,NA,NA,NA,NA,NA,NA,"29% of maximum activity","25331377; ","5.5","1266.0","truncated variant XynAGN16Lpd, substrate beechwood xylan, pH 6.5, 37&deg;C","25331377; ",NA,NA,NA
"8","3.2.1.8","4-beta-D-xylan xylanohydrolase","endo-1,4-beta-xylanase","Arthrobacter sp. GN16","isolated from the feces of Grus nigricollis","25331377; 25331377; ",NA,NA,NA,NA,NA,NA,NA,NA,NA,NA,NA,NA,NA,NA,NA,NA,NA,NA,NA,NA,NA,NA,NA,NA,NA,NA,NA,NA,NA,NA,NA,NA,NA
"9","3.2.1.8","4-beta-D-xylan xylanohydrolase","endo-1,4-beta-xylanase","Ascochyta pisi","precursor","17022171; 17022171; ",NA,NA,NA,NA,NA,NA,NA,NA,NA,NA,NA,NA,NA,NA,NA,NA,NA,NA,NA,NA,NA,NA,NA,NA,NA,NA,NA,NA,NA,NA,NA,NA,NA
"10","3.2.1.8","4-beta-D-xylan xylanohydrolase","endo-1,4-beta-xylanase","Aspergillus cf. niger BCC14405","","15715941; 15715941; ",NA,NA,NA,NA,"5.0","15715941; ","","55.0","15715941; ","",NA,NA,NA,NA,NA,NA,NA,"15715941; ","24000.0","x ",NA,NA,NA,NA,NA,NA,NA,NA,NA,NA,"15715941; ","1.7","calculated"
"11","3.2.1.8","4-beta-D-xylan xylanohydrolase","endo-1,4-beta-xylanase","Aspergillus fumigatus","","0; 0; ","Km value 11.7 mg/ml, pH 5.0, 50&Acirc;&deg;C",-999,"birchwood xylan","26847222; ","5.0","26847222; ","","90.0","100112400; ","","100112400; ","30.0-70.0","",NA,NA,NA,NA,"100112400; ","66000.0","SDS-PAGE",NA,NA,NA,NA,"about 47 and 41% activity is observed at pH 8 and 9, respectively","100112400; ","3.0-9.0","38200.0","pH 5.0, 50&deg;C","26847222; ","26847222; ","6.3","calculated"
"12","3.2.1.8","4-beta-D-xylan xylanohydrolase","endo-1,4-beta-xylanase","Aspergillus kawachii","","26686608; 26686608; ","mutant T64S, Km value 10 mg/ml, pH 3.8, 45&deg;C",-999,"beechwood xylan","26686608; ","5.0","26686608; ","mutant D48N/T64S","45.0","26686608; ","",NA,NA,NA,NA,NA,NA,NA,"26686608; ","23300.0","",NA,NA,NA,NA,NA,NA,NA,"687.0","mutant T64S, presence of dithiothreitol, pH 3.8, 45&Acirc;&deg;C","26686608; ",NA,NA,NA
"13","3.2.1.8","4-beta-D-xylan xylanohydrolase","endo-1,4-beta-xylanase","Aspergillus kawachii NBRC 4308","","26686608; 26686608; ",NA,NA,NA,NA,NA,NA,NA,NA,NA,NA,NA,NA,NA,NA,NA,NA,NA,NA,NA,NA,NA,NA,NA,NA,NA,NA,NA,NA,NA,NA,NA,NA,NA
"14","3.2.1.8","4-beta-D-xylan xylanohydrolase","endo-1,4-beta-xylanase","Aspergillus nidulans","precursor; formerly Aspergillus nidulans","18320143; 18320143; ","",-999,"more","0; ","6.0","0; ","","56.0","0; ","hydrolysis of oat spelt xylan",NA,NA,NA,NA,NA,NA,NA,"0; ","34000.0","x ",NA,NA,NA,NA,"pH 4.8: about 70% of maximal activity, pH 8.4: about 60% of maximal activity","0; ","4.8-8.4","378.0","","0; ",NA,NA,NA
"15","3.2.1.8","4-beta-D-xylan xylanohydrolase","endo-1,4-beta-xylanase","Aspergillus niger","","24888408; 24888408; ","Km value is 6.6 mg/ml, pH 5.0, 50&Acirc;&deg;C",-999,"oat spelt xylan","23670313; ","7.0-6.5","17445930; ","","65.0-80.0","455113; ","xylanase IA and IB","23241981; ","50.0-70.0","activity at 50&Acirc;&deg;C is about 20% higher compared to activity at 70&Acirc;&deg;C","Km value is 6.6 mg/ml, pH 5.0, 50&Acirc;&deg;C","23670313; ",17250,"oat spelt xylan","455113; ","50000.0-14000.0","xylanase IA and IB, gel filtration","23670313; ",-999,"kcat/Km value is 2625 ml per mg and s, pH 5.0, 50&Acirc;&deg;C","oat spelt xylan","","23670313; ","5.0-6.5","22250.0","pH 5.0. 50&Acirc;&deg;C","23670313; ","16091777; ","5.6","isoelectric focusing"
"16","3.2.1.8","4-beta-D-xylan xylanohydrolase","endo-1,4-beta-xylanase","Aspergillus niger","precursor","18320143; 18320143; ","Km value is 18.27 mg/ml, pH 5.0, 50&deg;C",-999,"xylan","24888408; ","7.0-6.5","17445930; ","","65.0-80.0","455113; ","xylanase IA and IB","23241981; ","50.0-70.0","activity at 50&deg;C is about 20% higher compared to activity at 70&deg;C","Km value is 6.6 mg/ml, pH 5.0, 50&Acirc;&deg;C","23670313; ",17250,"oat spelt xylan","455113; ","50000.0-14000.0","xylanase IA and IB, gel filtration","23670313; ",-999,"kcat/Km value is 2625 ml per mg and s, pH 5.0, 50&deg;C","oat spelt xylan","","23670313; ","5.0-6.5","22250.0","pH 5.0. 50&deg;C","23670313; ","16091777; ","5.6","isoelectric focusing"
"17","3.2.1.8","4-beta-D-xylan xylanohydrolase","endo-1,4-beta-xylanase","Aspergillus niger IA-0010","","24888408; 24888408; ",NA,NA,NA,NA,NA,NA,NA,NA,NA,NA,NA,NA,NA,NA,NA,NA,NA,NA,NA,NA,NA,NA,NA,NA,NA,NA,NA,NA,NA,NA,NA,NA,NA
"18","3.2.1.8","4-beta-D-xylan xylanohydrolase","endo-1,4-beta-xylanase","Aspergillus phoenicis","","18228069; 18228069; ",NA,NA,NA,NA,NA,NA,NA,NA,NA,NA,NA,NA,NA,NA,NA,NA,NA,NA,NA,NA,NA,NA,NA,NA,NA,NA,NA,NA,NA,NA,NA,NA,NA
"19","3.2.1.8","4-beta-D-xylan xylanohydrolase","endo-1,4-beta-xylanase","Aspergillus phoenicis RP-02","","18228069; 18228069; ",NA,NA,NA,NA,NA,NA,NA,NA,NA,NA,NA,NA,NA,NA,NA,NA,NA,NA,NA,NA,NA,NA,NA,NA,NA,NA,NA,NA,NA,NA,NA,NA,NA
"20","3.2.1.8","4-beta-D-xylan xylanohydrolase","endo-1,4-beta-xylanase","Aspergillus sulphureus","gene xynB","19412581; 19412581; ","Michaelis-Menten kinetics",-999,"more","19412581; ","5.0","19412581; ","recombinant enzyme","50.0","19412581; ","recombinant enzyme","19412581; ","20.0-70.0","50% of maximal activity at 20&Acirc;&deg;C, 20% at 70&Acirc;&deg;C","recombinant wild-type enzyme, pH 5.0, 50&deg;C, oat spelt xylan","19412581; ",6551,"beta-1,4-xylan",NA,NA,NA,NA,NA,NA,NA,"recombinant enzyme, rapid decrease in activity above pH 6.4, profile, overview","19412581; ","2.4-7.4",NA,NA,NA,NA,NA,NA
"21","3.2.1.8","4-beta-D-xylan xylanohydrolase","endo-1,4-beta-xylanase","Aspergillus usamii","","27066499; 27066499; ",NA,NA,NA,NA,NA,NA,NA,NA,NA,NA,NA,NA,NA,NA,NA,NA,NA,NA,NA,NA,NA,NA,NA,NA,NA,NA,NA,NA,NA,NA,NA,NA,NA
"22","3.2.1.8","4-beta-D-xylan xylanohydrolase","endo-1,4-beta-xylanase","Bacillus circulans","","19156310; 20163191; 20074594; 19156310; 20163191; 20074594; ","kinetics of wild-type and mutant enzymes",-999,"more","20074594; ","7.2-7.0","20163191; ","assay at","40.0","20074594; ","assay at","0; ","40.0-80.0","","recombinant wild-type enzyme, pH 7.2, 22&Acirc;&deg;C","20163191; ",34,"2,5-dinitrophenyl-beta-D-xylobioside","0; ","85000.0","endo-beta-D-xylanase A, gel filtration","20163191; ",14,"recombinant wild-type enzyme, pH 7.2, 22&deg;C","2,5-dinitrophenyl-beta-D-xylobioside","","0; ","5.0-8.0","37.22","after 427.83fold purification, using birchwood xylan in 100 mM sodium acetate buffer pH 5.0 as the substrate","0; ","0; ","8.8","isoelectric focusing"
"23","3.2.1.8","4-beta-D-xylan xylanohydrolase","endo-1,4-beta-xylanase","Bacillus halodurans","","25553569; 25553569; ","Km value is 4.2 mg/ml, pH 11, 70&Acirc;&deg;C",-999,"oat spelt xylan","22806794; ","11.0-9.5","22806794; ","","90.0","22932960; ","","22806794; ","80.0","80% of maximum activity",NA,NA,NA,NA,"0; ","47000.0","SDS-PAGE, Xyl II",NA,NA,NA,NA,"more than 75% of maximum activity within","22806794; ","10.0-12.0","375.0","substrate birchwood xylan, pH 9.0, 80&deg;C","25553569; ","0; ","4.5","isoelectric focusing"
"24","3.2.1.8","4-beta-D-xylan xylanohydrolase","endo-1,4-beta-xylanase","Bacillus halodurans","","19567261; 19567261; ","Km value is 4.2 mg/ml, pH 11, 70&Acirc;&deg;C",-999,"oat spelt xylan","22806794; ","11.0-9.5","22806794; ","","90.0","22932960; ","","22806794; ","80.0","80% of maximum activity",NA,NA,NA,NA,"0; ","47000.0","SDS-PAGE, Xyl II",NA,NA,NA,NA,"more than 75% of maximum activity within","22806794; ","10.0-12.0","375.0","substrate birchwood xylan, pH 9.0, 80&Acirc;&deg;C","25553569; ","0; ","4.5","isoelectric focusing"
"25","3.2.1.8","4-beta-D-xylan xylanohydrolase","endo-1,4-beta-xylanase","Bacillus halodurans S7","","19567261; 19567261; ",NA,NA,NA,NA,NA,NA,NA,NA,NA,NA,NA,NA,NA,NA,NA,NA,NA,NA,NA,NA,NA,NA,NA,NA,NA,NA,NA,NA,NA,NA,NA,NA,NA
"26","3.2.1.8","4-beta-D-xylan xylanohydrolase","endo-1,4-beta-xylanase","Bacillus halodurans TSEV1","","25553569; 25553569; ",NA,NA,NA,NA,NA,NA,NA,NA,NA,NA,NA,NA,NA,NA,NA,NA,NA,NA,NA,NA,NA,NA,NA,NA,NA,NA,NA,NA,NA,NA,NA,NA,NA
"27","3.2.1.8","4-beta-D-xylan xylanohydrolase","endo-1,4-beta-xylanase","Bacillus licheniformis","","18612683; 18612683; ",NA,NA,NA,NA,"8.0-10.0","16915648; ","X-II","75.0","16915648; ","X-II","18612683; ","40.0-50.0","",NA,NA,NA,NA,"16915648; ","40000.0","X-II, SDS-PAGE",NA,NA,NA,NA,"","18065237; ","5.0-8.0","720.0","X-I after 77.4fold purification, at 60&deg;C and pH 6.0","16915648; ",NA,NA,NA
"28","3.2.1.8","4-beta-D-xylan xylanohydrolase","endo-1,4-beta-xylanase","Bacillus licheniformis MS5-14","","18612683; 18612683; ",NA,NA,NA,NA,NA,NA,NA,NA,NA,NA,NA,NA,NA,NA,NA,NA,NA,NA,NA,NA,NA,NA,NA,NA,NA,NA,NA,NA,NA,NA,NA,NA,NA
"29","3.2.1.8","4-beta-D-xylan xylanohydrolase","endo-1,4-beta-xylanase","Bacillus pumilus","gene XynA","21369910; 21369910; ",NA,NA,NA,NA,"6.6","21369910; ","recombinant enzyme","50.0-50.0","21369910; ","recombinant enzyme",NA,NA,NA,NA,NA,NA,NA,"0; ","24000.0","1 ",NA,NA,NA,NA,NA,NA,NA,"1780.0","","0; ",NA,NA,NA
"30","3.2.1.8","4-beta-D-xylan xylanohydrolase","endo-1,4-beta-xylanase","Bacillus pumilus ARA","gene XynA","21369910; 21369910; ",NA,NA,NA,NA,NA,NA,NA,NA,NA,NA,NA,NA,NA,NA,NA,NA,NA,NA,NA,NA,NA,NA,NA,NA,NA,NA,NA,NA,NA,NA,NA,NA,NA
"31","3.2.1.8","4-beta-D-xylan xylanohydrolase","endo-1,4-beta-xylanase","Bacillus sp. (in: Bacteria)","","15057452; 15057452; ","",-999,"more","10689076; ","10.5-9.0","0; ","and also pH 8.5 and 6.5","80.0","0; ","",NA,NA,NA,NA,NA,NA,NA,NA,NA,NA,NA,NA,NA,NA,"over 80% of maximal activity within this range","100536469; ","6.5-8.5","1436.0","purified native enzyme","19911836; ","15057452; ","9.3-4.7","calculated"
"32","3.2.1.8","4-beta-D-xylan xylanohydrolase","endo-1,4-beta-xylanase","Bacillus sp. (in: Bacteria) BP-7","","15057452; 15057452; ",NA,NA,NA,NA,NA,NA,NA,NA,NA,NA,NA,NA,NA,NA,NA,NA,NA,NA,NA,NA,NA,NA,NA,NA,NA,NA,NA,NA,NA,NA,NA,NA,NA
"33","3.2.1.8","4-beta-D-xylan xylanohydrolase","endo-1,4-beta-xylanase","Bacillus sp. 41M-1","","19352020; 19352020; ",NA,NA,NA,NA,"8.5","19352020; ","wild-type DELTAXBD","55.0","19352020; ","wild-type DELTAXBD",NA,NA,NA,NA,NA,NA,NA,NA,NA,NA,NA,NA,NA,NA,NA,NA,NA,NA,NA,NA,NA,NA,NA
"34","3.2.1.8","4-beta-D-xylan xylanohydrolase","endo-1,4-beta-xylanase","Bacillus subtilis","","19332293; 19332293; ","",-999,"more","16346375; ","7.5-7.0","22006920; ","thermostabel xylanase variant XynAG3 and chimeric enzyme CorA-XynAG3","70.0-55.0","22006920; ","thermostable variant XynAG3 and chimeric enzyme CorAXynAG3","18776691; ","40.0-60.0","transxylosylation and hydrolysis activities are optimal at temperatures of 60&Acirc;&deg;C and 40&Acirc;&deg;C, respectively","chimera carrying a carbohydrate-binding module, pH 6.0, 50&deg;C","26923808; ",268,"beechwood xylan","22006920; ","85500.0","chimeric enzymes CorA-XynA and CorA-XynAG3, SDS-PAGE","26923808; ",-999,"kcat/Km value for wild-type 40.6 ml/mg/s, for chimera carrying a carbohydrate-binding module 66.4 ml/mg/s, respectively, pH 6.0, 50&deg;C","beechwood xylan","more than 50% activity retained, enzyme activity decreases sharply below pH 5.5 and above pH 9.0, negligible amount of activity at pH below 5.0 and above 10.5","19332293; ","5.5-8.5","5890.0","wild-type","17445930; ","19332293; ","9.44-4.7",""
"35","3.2.1.8","4-beta-D-xylan xylanohydrolase","endo-1,4-beta-xylanase","Bacillus subtilis","","17061829; 18303843; 17445930; 20188130; 19531602; 25640722; 27097633; 26923808; 17061829; 18303843; 17445930; 20188130; 19531602; 25640722; 27097633; 26923808; ","",-999,"more","16346375; ","7.5-7.0","22006920; ","thermostabel xylanase variant XynAG3 and chimeric enzyme CorA-XynAG3","70.0-55.0","22006920; ","thermostable variant XynAG3 and chimeric enzyme CorAXynAG3","18776691; ","40.0-60.0","transxylosylation and hydrolysis activities are optimal at temperatures of 60&Acirc;&deg;C and 40&Acirc;&deg;C, respectively","chimera carrying a carbohydrate-binding module, pH 6.0, 50&Acirc;&deg;C","26923808; ",268,"beechwood xylan","22006920; ","85500.0","chimeric enzymes CorA-XynA and CorA-XynAG3, SDS-PAGE","26923808; ",-999,"kcat/Km value for wild-type 40.6 ml/mg/s, for chimera carrying a carbohydrate-binding module 66.4 ml/mg/s, respectively, pH 6.0, 50&deg;C","beechwood xylan","more than 50% activity retained, enzyme activity decreases sharply below pH 5.5 and above pH 9.0, negligible amount of activity at pH below 5.0 and above 10.5","19332293; ","5.5-8.5","5890.0","wild-type","17445930; ","19332293; ","9.44-4.7",""
"36","3.2.1.8","4-beta-D-xylan xylanohydrolase","endo-1,4-beta-xylanase","Bacillus subtilis","","18776691; 18776691; ","",-999,"more","16346375; ","7.5-7.0","22006920; ","thermostabel xylanase variant XynAG3 and chimeric enzyme CorA-XynAG3","70.0-55.0","22006920; ","thermostable variant XynAG3 and chimeric enzyme CorAXynAG3","18776691; ","40.0-60.0","transxylosylation and hydrolysis activities are optimal at temperatures of 60&deg;C and 40&deg;C, respectively","chimera carrying a carbohydrate-binding module, pH 6.0, 50&deg;C","26923808; ",268,"beechwood xylan","22006920; ","85500.0","chimeric enzymes CorA-XynA and CorA-XynAG3, SDS-PAGE","0; ",-999,"kcat/Km value for wild-type 40.6 ml/mg/s, for chimera carrying a carbohydrate-binding module 66.4 ml/mg/s, respectively, pH 6.0, 50&deg;C","beechwood xylan","more than 50% activity retained, enzyme activity decreases sharply below pH 5.5 and above pH 9.0, negligible amount of activity at pH below 5.0 and above 10.5","19332293; ","5.5-8.5","5890.0","wild-type","17445930; ","19332293; ","9.44-4.7",""
"37","3.2.1.8","4-beta-D-xylan xylanohydrolase","endo-1,4-beta-xylanase","Bacillus subtilis","xynB; gene xynB","0; 0; ","",-999,"more","16346375; ","7.5-7.0","22006920; ","thermostabel xylanase variant XynAG3 and chimeric enzyme CorA-XynAG3","70.0-55.0","22006920; ","thermostable variant XynAG3 and chimeric enzyme CorAXynAG3","18776691; ","40.0-60.0","transxylosylation and hydrolysis activities are optimal at temperatures of 60&Acirc;&deg;C and 40&Acirc;&deg;C, respectively","chimera carrying a carbohydrate-binding module, pH 6.0, 50&deg;C","26923808; ",268,"beechwood xylan","22006920; ","85500.0","chimeric enzymes CorA-XynA and CorA-XynAG3, SDS-PAGE","0; ",-999,"kcat/Km value for wild-type 40.6 ml/mg/s, for chimera carrying a carbohydrate-binding module 66.4 ml/mg/s, respectively, pH 6.0, 50&deg;C","beechwood xylan","more than 50% activity retained, enzyme activity decreases sharply below pH 5.5 and above pH 9.0, negligible amount of activity at pH below 5.0 and above 10.5","19332293; ","5.5-8.5","5890.0","wild-type","17445930; ","19332293; ","9.44-4.7",""
"38","3.2.1.8","4-beta-D-xylan xylanohydrolase","endo-1,4-beta-xylanase","Bacillus subtilis 168","","25640722; 27097633; 26923808; 25640722; 27097633; 0; ",NA,NA,NA,NA,NA,NA,NA,NA,NA,NA,NA,NA,NA,NA,NA,NA,NA,NA,NA,NA,NA,NA,NA,NA,NA,NA,NA,NA,NA,NA,NA,NA,NA
"39","3.2.1.8","4-beta-D-xylan xylanohydrolase","endo-1,4-beta-xylanase","Bacillus subtilis 168","","25640722; 27097633; 26923808; 25640722; 27097633; 26923808; ",NA,NA,NA,NA,NA,NA,NA,NA,NA,NA,NA,NA,NA,NA,NA,NA,NA,NA,NA,NA,NA,NA,NA,NA,NA,NA,NA,NA,NA,NA,NA,NA,NA
"40","3.2.1.8","4-beta-D-xylan xylanohydrolase","endo-1,4-beta-xylanase","Bacillus subtilis 168","","25640722; 27097633; 26923808; 25640722; 27097633; 26923808; ",NA,NA,NA,NA,NA,NA,NA,NA,NA,NA,NA,NA,NA,NA,NA,NA,NA,NA,NA,NA,NA,NA,NA,NA,NA,NA,NA,NA,NA,NA,NA,NA,NA
"41","3.2.1.8","4-beta-D-xylan xylanohydrolase","endo-1,4-beta-xylanase","Bacillus subtilis KT12","","18776691; 18776691; ",NA,NA,NA,NA,NA,NA,NA,NA,NA,NA,NA,NA,NA,NA,NA,NA,NA,NA,NA,NA,NA,NA,NA,NA,NA,NA,NA,NA,NA,NA,NA,NA,NA
"42","3.2.1.8","4-beta-D-xylan xylanohydrolase","endo-1,4-beta-xylanase","Bacillus subtilis R5","","19332293; 19332293; ",NA,NA,NA,NA,NA,NA,NA,NA,NA,NA,NA,NA,NA,NA,NA,NA,NA,NA,NA,NA,NA,NA,NA,NA,NA,NA,NA,NA,NA,NA,NA,NA,NA
"43","3.2.1.8","4-beta-D-xylan xylanohydrolase","endo-1,4-beta-xylanase","bacterium enrichment culture clone Xyl8B8","bacterium enrichment culture clone Xyl8B8","22487213; 22487213; ","Km value is 9 mg/ml, pH 5, 55&Acirc;&deg;C",-999,"beechwood xylan","22487213; ","5.5","22487213; ","acetate buffer","55.0","22487213; ","","22487213; ","70.0","65% residual activity",NA,NA,NA,NA,NA,NA,NA,NA,NA,NA,NA,NA,NA,NA,NA,NA,NA,NA,NA,NA
"44","3.2.1.8","4-beta-D-xylan xylanohydrolase","endo-1,4-beta-xylanase","Bipolaris sorokiniana","","17022171; 17022171; ",NA,NA,NA,NA,NA,NA,NA,NA,NA,NA,NA,NA,NA,NA,NA,NA,NA,NA,NA,NA,NA,NA,NA,NA,NA,NA,NA,NA,NA,NA,NA,NA,NA
"45","3.2.1.8","4-beta-D-xylan xylanohydrolase","endo-1,4-beta-xylanase","Bipolaris zeicola","precursor","17022171; 17022171; ",NA,NA,NA,NA,NA,NA,NA,NA,NA,NA,NA,NA,NA,NA,NA,NA,NA,NA,NA,NA,NA,NA,NA,NA,NA,NA,NA,NA,NA,NA,NA,NA,NA
"46","3.2.1.8","4-beta-D-xylan xylanohydrolase","endo-1,4-beta-xylanase","Bispora sp. MEY-1","CGMCC 2500, gene xyl10C","19655217; 19655217; ",NA,NA,NA,NA,"4.5-5.0","19655217; ","recombinant Xyl10C","85.0","19655217; ","recombinant Xyl10C","19655217; ","35.0-100.0","activity range, 80% of maximal activity at 75-90&Acirc;&deg;C, 20% at 100&Acirc;&deg;C, and 10% at 40&Acirc;&deg;C, profile, overview",NA,NA,NA,NA,"19655217; ","449000.0","x ",NA,NA,NA,NA,"first peak at pH 3.0 with 63% of maximal activity, and second peak with maximal activity at pH 4.5-5.0, profile, overview","19655217; ","2.0-7.0","18830.0","purified recombinant Xyl10C","19655217; ",NA,NA,NA
"47","3.2.1.8","4-beta-D-xylan xylanohydrolase","endo-1,4-beta-xylanase","Bispora sp. MEY-1","isolated from acidic wastewater of a uranium mine in Jiangxi, China, gene xylD","20077114; 20077114; ",NA,NA,NA,NA,"4.5-5.0","19655217; ","recombinant Xyl10C","85.0","19655217; ","recombinant Xyl10C","19655217; ","35.0-100.0","activity range, 80% of maximal activity at 75-90&Acirc;&deg;C, 20% at 100&Acirc;&deg;C, and 10% at 40&Acirc;&deg;C, profile, overview",NA,NA,NA,NA,"19655217; ","449000.0","x ",NA,NA,NA,NA,"first peak at pH 3.0 with 63% of maximal activity, and second peak with maximal activity at pH 4.5-5.0, profile, overview","19655217; ","2.0-7.0","18830.0","purified recombinant Xyl10C","19655217; ",NA,NA,NA
"48","3.2.1.8","4-beta-D-xylan xylanohydrolase","endo-1,4-beta-xylanase","Botrytis cinerea","precursor","17022171; 17022171; ",NA,NA,NA,NA,NA,NA,NA,NA,NA,NA,NA,NA,NA,NA,NA,NA,NA,"16404950; ","20600.0","SDS-PAGE",NA,NA,NA,NA,NA,NA,NA,NA,NA,NA,"16404950; ","9.1","isoelectric focusing"
"49","3.2.1.8","4-beta-D-xylan xylanohydrolase","endo-1,4-beta-xylanase","Botrytis cinerea","","16404950; 16404950; ",NA,NA,NA,NA,NA,NA,NA,NA,NA,NA,NA,NA,NA,NA,NA,NA,NA,"16404950; ","20600.0","SDS-PAGE",NA,NA,NA,NA,NA,NA,NA,NA,NA,NA,"16404950; ","9.1","isoelectric focusing"
"50","3.2.1.8","4-beta-D-xylan xylanohydrolase","endo-1,4-beta-xylanase","Botrytis cinerea SAS56","","16404950; 16404950; ",NA,NA,NA,NA,NA,NA,NA,NA,NA,NA,NA,NA,NA,NA,NA,NA,NA,NA,NA,NA,NA,NA,NA,NA,NA,NA,NA,NA,NA,NA,NA,NA,NA
"51","3.2.1.8","4-beta-D-xylan xylanohydrolase","endo-1,4-beta-xylanase","Caldibacillus cellulovorans","gene xynA","11065373; 11065373; ","",-999,"more","11065373; ","6.0","11065373; ","recombinant catalytic domain at 70&deg;C, and recombinant N-terminal + catalytic domains at 90&deg;C","90.0","11065373; ","recombinant N-terminal + catalytic domains","11065373; ","40.0-85.0","recombinant catalytic domain",NA,NA,NA,NA,NA,NA,NA,NA,NA,NA,NA,"40% activity at pH 8.0, no activity at pH 4.0 and pH 9.0","11065373; ","6.0-8.0","-999.0","","11065373; ",NA,NA,NA
"52","3.2.1.8","4-beta-D-xylan xylanohydrolase","endo-1,4-beta-xylanase","Carica papaya","enzyme CpaEXY1","100550709; 100550709; ",NA,NA,NA,NA,"5.0-7.0","100550709; ","","45.0","100550709; ","about","100550709; ","-999.0","rapid decline in activity above 45&Acirc;&deg;C",NA,NA,NA,NA,"100550709; ","64960.0","x ",NA,NA,NA,NA,NA,NA,NA,NA,NA,NA,NA,NA,NA
"53","3.2.1.8","4-beta-D-xylan xylanohydrolase","endo-1,4-beta-xylanase","Cellulomonas fimi","bifunctional xylanase/deacetylase precursor","18320143; 18320143; ","",-999,"more","0; ","6.0-6.5","0; ","xylanase B","45.0","0; ","xylanase A",NA,NA,NA,NA,NA,NA,NA,"0; ","150000.0","xylanase C, gel filtration",NA,NA,NA,NA,NA,NA,NA,"31.3","xylanase C","0; ",NA,NA,NA
"54","3.2.1.8","4-beta-D-xylan xylanohydrolase","endo-1,4-beta-xylanase","Cellulomonas flavigena","; fragment of 387 bp, part of the gene cxo; CDBB-531","18379842; 18379842; ","KM for substrate Remazol brilliant blue-carboxymethylcellulose: 0.16 mg/ml, KM for substrate xylose: 0.72 mg/ml",-999,"more","18379842; ","9.0","18379842; ","highest activity at pH 9 in Tris-HCl buffer, whereas in citrate-phosphate buffer at pH 7 the best activity is 90% of that observed in Tris-HCl; highest xylanase activity in Tris-HCl buffer","55.0-55.0","0; ","mutant enzyme","18379842; ","30.0-70.0","",NA,NA,NA,NA,"0; ","56000.0","x ",NA,NA,NA,NA,"the mutant enzyme shows higher activity at pH 9.0 than the wild-type enzyme","0; ","6.5-9.0","2500.0","purified mutant enzyme","0; ","0; ","6.0","isoelectric focusing, wild-type and mutant strain enzyme"
"55","3.2.1.8","4-beta-D-xylan xylanohydrolase","endo-1,4-beta-xylanase","Cellulomonas flavigena CDBB-531","; fragment of 387 bp, part of the gene cxo; CDBB-531","18379842; 18379842; ",NA,NA,NA,NA,NA,NA,NA,NA,NA,NA,NA,NA,NA,NA,NA,NA,NA,NA,NA,NA,NA,NA,NA,NA,NA,NA,NA,NA,NA,NA,NA,NA,NA
"56","3.2.1.8","4-beta-D-xylan xylanohydrolase","endo-1,4-beta-xylanase","Cellulosimicrobium cellulans","","24908422; 24908422; ","Km value is 2.64 mg/ml, pH 8.0, 55&deg;C",-999,"oat spelt xylan","24908422; ",NA,NA,NA,"55.0","24908422; ","",NA,NA,NA,NA,NA,NA,NA,"24908422; ","29000.0","x ",NA,NA,NA,NA,"","24908422; ","8.0",NA,NA,NA,NA,NA,NA
"57","3.2.1.8","4-beta-D-xylan xylanohydrolase","endo-1,4-beta-xylanase","Cellulosimicrobium cellulans CKMX1","","24908422; 24908422; ",NA,NA,NA,NA,NA,NA,NA,NA,NA,NA,NA,NA,NA,NA,NA,NA,NA,NA,NA,NA,NA,NA,NA,NA,NA,NA,NA,NA,NA,NA,NA,NA,NA
"58","3.2.1.8","4-beta-D-xylan xylanohydrolase","endo-1,4-beta-xylanase","Cellulosimicrobium sp.","","18027102; 18027102; ",NA,NA,NA,NA,"6.0","18027102; ","","60.0","18027102; ","",NA,NA,NA,NA,NA,NA,NA,"18027102; ","42930.0","pre-mature enzyme, deduced from amino acid sequence",NA,NA,NA,NA,"more than 80% of maximum activity","18027102; ","4.5-7.0","21.2","substrate beechwood xylan, pH 6.0, 50&Acirc;&deg;C","18027102; ","18027102; ","5.16","mature enzyme, isoelectric focusing"
"59","3.2.1.8","4-beta-D-xylan xylanohydrolase","endo-1,4-beta-xylanase","Cellulosimicrobium sp. HY-12","","18027102; 18027102; ",NA,NA,NA,NA,NA,NA,NA,NA,NA,NA,NA,NA,NA,NA,NA,NA,NA,NA,NA,NA,NA,NA,NA,NA,NA,NA,NA,NA,NA,NA,NA,NA,NA
"60","3.2.1.8","4-beta-D-xylan xylanohydrolase","endo-1,4-beta-xylanase","Cellvibrio japonicus","","18320143; 18320143; ",NA,NA,NA,NA,NA,NA,NA,NA,NA,NA,NA,NA,NA,NA,NA,NA,NA,NA,NA,NA,NA,NA,NA,NA,NA,NA,NA,NA,NA,NA,NA,NA,NA
"61","3.2.1.8","4-beta-D-xylan xylanohydrolase","endo-1,4-beta-xylanase","Chaetomium thermophilum","","19356131; 19356131; ",NA,NA,NA,NA,"7.8","19356131; ","","70.0","20213504; ","","19356131; ","30.0-50.0","",NA,NA,NA,NA,"19356131; ","43000.0","fused xyn11A protein, Western blot analysis",NA,NA,NA,NA,NA,NA,NA,"125.0","purified enterokinase-digested endoxylanase","19356131; ",NA,NA,NA
"62","3.2.1.8","4-beta-D-xylan xylanohydrolase","endo-1,4-beta-xylanase","Chaetomium thermophilum","gene xyn11A","20213504; 20213504; ",NA,NA,NA,NA,"7.8","19356131; ","","70.0","20213504; ","","19356131; ","30.0-50.0","",NA,NA,NA,NA,"19356131; ","43000.0","fused xyn11A protein, Western blot analysis",NA,NA,NA,NA,NA,NA,NA,"125.0","purified enterokinase-digested endoxylanase","19356131; ",NA,NA,NA
"63","3.2.1.8","4-beta-D-xylan xylanohydrolase","endo-1,4-beta-xylanase","Chaetomium thermophilum NIBGE 1","","19356131; 19356131; ",NA,NA,NA,NA,NA,NA,NA,NA,NA,NA,NA,NA,NA,NA,NA,NA,NA,NA,NA,NA,NA,NA,NA,NA,NA,NA,NA,NA,NA,NA,NA,NA,NA
"64","3.2.1.8","4-beta-D-xylan xylanohydrolase","endo-1,4-beta-xylanase","Chaetomium thermophilum NIBGE 1","gene xyn11A","20213504; 20213504; ",NA,NA,NA,NA,NA,NA,NA,NA,NA,NA,NA,NA,NA,NA,NA,NA,NA,NA,NA,NA,NA,NA,NA,NA,NA,NA,NA,NA,NA,NA,NA,NA,NA
"65","3.2.1.8","4-beta-D-xylan xylanohydrolase","endo-1,4-beta-xylanase","Claviceps purpurea","precursor","17022171; 17022171; ",NA,NA,NA,NA,NA,NA,NA,NA,NA,NA,NA,NA,NA,NA,NA,NA,NA,NA,NA,NA,NA,NA,NA,NA,NA,NA,NA,NA,NA,NA,NA,NA,NA
"66","3.2.1.8","4-beta-D-xylan xylanohydrolase","endo-1,4-beta-xylanase","Clostridium stercorarium","endo-1,4-beta-xylanase A precursor","18320143; 18320143; ","",-999,"more","0; ","7.0-7.0","7765283; ","xylanase A","80.0","7765974; ","hydrolysis of xylan","7765974; ","60.0-90.0","60&Acirc;&deg;C: about 50% of maximal activity, 90&Acirc;&deg;C: about 20% of maximal activity",NA,NA,NA,NA,"0; ","73000.0","xylanase B, disc gel electrophoresis",NA,NA,NA,NA,"pH 5.0: about 80% of maximal activity, pH 8.0: about 65% of maximal activity","7765974; ","5.0-8.0","-999.0","","7765974; ",NA,NA,NA
"67","3.2.1.8","4-beta-D-xylan xylanohydrolase","endo-1,4-beta-xylanase","Demequina sp. JK4","gene Mxyn10","19884762; 19884762; ","Km for birchwood xylan is 3.45 mg/ml",-999,"more","19884762; ","5.5","19884762; ","","55.0","19884762; ","","19884762; ","10.0-90.0","enzyme assay range, 50% of maximal activity at 45&deg;C and 60&deg;C",NA,NA,NA,NA,"19884762; ","49000.0","x ",NA,NA,NA,NA,"enzyme assay range, over 50% of maximal activity at pH 5.0 and pH 7.5","19884762; ","3.0-11.0","8.9","purified recombinant enzyme, substrate birchwood xylan","19884762; ",NA,NA,NA
"68","3.2.1.8","4-beta-D-xylan xylanohydrolase","endo-1,4-beta-xylanase","Dickeya chrysanthemi","","17022171; 17022171; ",NA,NA,NA,NA,"6.0","11222610; ","","35.0","11222610; ","","11222610; ","25.0-60.0","",NA,NA,NA,NA,NA,NA,NA,NA,NA,NA,NA,"","11222610; ","5.0-8.0","-999.0","substrate specificity, pH-dependent activity with different substrates, overview","11222610; ",NA,NA,NA
"69","3.2.1.8","4-beta-D-xylan xylanohydrolase","endo-1,4-beta-xylanase","Fusarium commune","","26002499; 26002499; ",NA,NA,NA,NA,"6.0","26002499; ","",NA,NA,NA,NA,NA,NA,NA,NA,NA,NA,NA,NA,NA,NA,NA,NA,NA,NA,NA,NA,"900.0","pH 6, 50&deg;C","26002499; ",NA,NA,NA
"70","3.2.1.8","4-beta-D-xylan xylanohydrolase","endo-1,4-beta-xylanase","Fusarium commune","","26002499; 26002499; ",NA,NA,NA,NA,"6.0","26002499; ","",NA,NA,NA,NA,NA,NA,NA,NA,NA,NA,NA,NA,NA,NA,NA,NA,NA,NA,NA,NA,"900.0","pH 6, 50&deg;C","26002499; ",NA,NA,NA
"71","3.2.1.8","4-beta-D-xylan xylanohydrolase","endo-1,4-beta-xylanase","Fusarium commune","","26002499; 26002499; ",NA,NA,NA,NA,"6.0","26002499; ","",NA,NA,NA,NA,NA,NA,NA,NA,NA,NA,NA,NA,NA,NA,NA,NA,NA,NA,NA,NA,"900.0","pH 6, 50&deg;C","26002499; ",NA,NA,NA
"72","3.2.1.8","4-beta-D-xylan xylanohydrolase","endo-1,4-beta-xylanase","Fusarium graminearum","isoform XylA, expression in Escherichia coli","15629130; 15629130; ",NA,NA,NA,NA,"8.0","17513587; ","XylA","35.0","15629130; ","; ",NA,NA,NA,NA,NA,NA,NA,"15629130; ","23980.0","x ",NA,NA,NA,NA,"about 60% of maximum activity","15629130; ","9.0",NA,NA,NA,"15629130; ","9.2","calculated"
"73","3.2.1.8","4-beta-D-xylan xylanohydrolase","endo-1,4-beta-xylanase","Fusarium graminearum","formerly Fusarium graminearum","17022171; 17022171; ",NA,NA,NA,NA,"8.0","17513587; ","XylA","35.0","15629130; ","; ",NA,NA,NA,NA,NA,NA,NA,"15629130; ","23980.0","x ",NA,NA,NA,NA,"about 60% of maximum activity","15629130; ","9.0",NA,NA,NA,"15629130; ","9.2","calculated"
"74","3.2.1.8","4-beta-D-xylan xylanohydrolase","endo-1,4-beta-xylanase","Fusarium oxysporum","Fusarium oxysporum f. sp. lycopersici","17022171; 17022171; ",NA,NA,NA,NA,"7.0","21237221; ","assay at","55.0","0; ","","0; ","45.0-55.0","more than 70% of maximum activity within this range",NA,NA,NA,NA,"0; ","40000.0","x ",NA,NA,NA,NA,"more than 70% of maximum activity within this range","0; ","4.5-6.5","37.0","pH 5.5, 55&Acirc;&deg;C","0; ","0; ","8.2","to 9.0, isoelectric focusing"
"75","3.2.1.8","4-beta-D-xylan xylanohydrolase","endo-1,4-beta-xylanase","Fusarium oxysporum f. sp. vasinfectum","","27602054; 27602054; ","pH 8.0, 40&Acirc;&deg;C",40,"4-O-methyl-D-glucurono-D-xylan","27602054; ","7.0-8.0","27602054; ","substrate 4-O-methyl-D-glucurono-D-xylan",NA,NA,NA,NA,NA,NA,"pH 8.0, 40&deg;C","27602054; ",0.27,"4-O-methyl-D-glucurono-D-xylan","27602054; ","21200.0","","27602054; ",6.27,"pH 8.0, 40&Acirc;&deg;C","4-O-methyl-D-glucurono-D-xylan",NA,NA,NA,NA,NA,NA,NA,NA,NA
"76","3.2.1.8","4-beta-D-xylan xylanohydrolase","endo-1,4-beta-xylanase","Fusarium oxysporum f. sp. vasinfectum 25433","","27602054; 27602054; ",NA,NA,NA,NA,NA,NA,NA,NA,NA,NA,NA,NA,NA,NA,NA,NA,NA,NA,NA,NA,NA,NA,NA,NA,NA,NA,NA,NA,NA,NA,NA,NA,NA
"77","3.2.1.8","4-beta-D-xylan xylanohydrolase","endo-1,4-beta-xylanase","Geobacillus sp. WBI","","0; 0; ","Km value 0.9 mg/ml, pH 7, 65&Acirc;&deg;C",-999,"birchwood xylan","0; ","6.0-9.0","0; ","",NA,NA,NA,NA,NA,NA,NA,NA,NA,NA,NA,NA,NA,NA,NA,NA,NA,NA,NA,NA,NA,NA,NA,NA,NA,NA
"78","3.2.1.8","4-beta-D-xylan xylanohydrolase","endo-1,4-beta-xylanase","Hordeum vulgare","","17383610; 17383610; ","",-999,"more","24232655; ","5.5","24232655; ","","40.0","17383610; ","",NA,NA,NA,"in 48.5 mM citric acid and 103 mM disodium hydrogen phosphate, pH 5, at 40&Acirc;&deg;C","17383610; ",72.07,"birchwood xylan","17383610; ","61500.0","unprocessed active enzyme, SDS-PAGE",NA,NA,NA,NA,NA,NA,NA,"7.5","","24232655; ","17383610; ","6.5","isoelectric focusing"
"79","3.2.1.8","4-beta-D-xylan xylanohydrolase","endo-1,4-beta-xylanase","Kocuria sp. Mn22","gene Kxyn","19809242; 19809242; ","Km for beta-1,4-xylan from birchwood is 5.4 mg/ml",-999,"more","19809242; ","8.5","19809242; ","","55.0","19809242; ","","19809242; ","30.0-70.0","activity range","pH 8.5, 55&Acirc;&deg;C, birchwood xylan","19809242; ",185.1,"beta-1,4-xylan",NA,NA,NA,NA,NA,NA,NA,"activity range","19809242; ","6.0-12.0",NA,NA,NA,NA,NA,NA
"80","3.2.1.8","4-beta-D-xylan xylanohydrolase","endo-1,4-beta-xylanase","Magnaporthe grisea","precursor","17022171; 17022171; ",NA,NA,NA,NA,NA,NA,NA,NA,NA,NA,NA,NA,NA,NA,NA,NA,NA,"16461639; ","47000.0","x ",NA,NA,NA,NA,NA,NA,NA,NA,NA,NA,"16461639; ","8.5","calculated"
"81","3.2.1.8","4-beta-D-xylan xylanohydrolase","endo-1,4-beta-xylanase","Magnaporthe grisea","","16461639; 16461639; ",NA,NA,NA,NA,NA,NA,NA,NA,NA,NA,NA,NA,NA,NA,NA,NA,NA,"16461639; ","47000.0","x ",NA,NA,NA,NA,NA,NA,NA,NA,NA,NA,"16461639; ","8.5","calculated"
"82","3.2.1.8","4-beta-D-xylan xylanohydrolase","endo-1,4-beta-xylanase","Malbranchea cinnamomea","","25058752; 25058752; ","Km value 1.5 mg/ml, pH 6.5, 50&deg;C",-999,"oat spelt xylan","25058752; ","6.5","25058752; ","","80.0","9654097; ","",NA,NA,NA,NA,NA,NA,NA,"9654097; ","40500.0","gel filtration",NA,NA,NA,NA,NA,NA,NA,"1478.0","substrate oat spelt xylan, pH 6.5, 50&Acirc;&deg;C","25058752; ",NA,NA,NA
"83","3.2.1.8","4-beta-D-xylan xylanohydrolase","endo-1,4-beta-xylanase","Malbranchea cinnamomea S168","","25058752; 25058752; ",NA,NA,NA,NA,NA,NA,NA,NA,NA,NA,NA,NA,NA,NA,NA,NA,NA,NA,NA,NA,NA,NA,NA,NA,NA,NA,NA,NA,NA,NA,NA,NA,NA
"84","3.2.1.8","4-beta-D-xylan xylanohydrolase","endo-1,4-beta-xylanase","Massilia sp. RBM26","isolated from the feces of Rhinopithecus bieti","26387816; 26387816; ","Km value 9.49 mg/ml, pH 5.5, 45&Acirc;&deg;C",-999,"beechwood xylan","26387816; ","5.5","26387816; ","","45.0","26387816; ","","26387816; ","30.0-50.0","more than 60% of maximum activity","pH 5.5, 45&Acirc;&deg;C","26387816; ",47.3,"beechwood xylan",NA,NA,NA,NA,NA,NA,NA,"more than 90% of maximum activity","26387816; ","5.0-8.0",NA,NA,NA,NA,NA,NA
"85","3.2.1.8","4-beta-D-xylan xylanohydrolase","endo-1,4-beta-xylanase","Melioribacter roseus","cf. EC 3.2.1.136","25951846; 25951846; ","Km value 1.05 mg/ml, pH 6.5, 65&deg;C; Km value 10.5 mg/ml, pH 6.5, 80&deg;C; Km value 3.0 mg/ml, pH 6.5, 65&deg;C",-999,"birchwood xylan","25951846; ","6.5","25951846; ","; ","80.0","25951846; ","",NA,NA,NA,NA,NA,NA,NA,"25951846; ","86000.0","x ",NA,NA,NA,NA,"50% of maximum activity","25951846; ","9.0","1920.0","substrate birchwood xylan, pH 6.5, 65&Acirc;&deg;C","25951846; ",NA,NA,NA
"86","3.2.1.8","4-beta-D-xylan xylanohydrolase","endo-1,4-beta-xylanase","Melioribacter roseus","","25951846; 25951846; ","Km value 1.05 mg/ml, pH 6.5, 65&deg;C; Km value 10.5 mg/ml, pH 6.5, 80&deg;C; Km value 3.0 mg/ml, pH 6.5, 65&deg;C",-999,"birchwood xylan","25951846; ","6.5","25951846; ","; ","80.0","25951846; ","",NA,NA,NA,NA,NA,NA,NA,NA,NA,NA,NA,NA,NA,NA,"50% of maximum activity","25951846; ","9.0","1920.0","substrate birchwood xylan, pH 6.5, 65&deg;C","25951846; ",NA,NA,NA
"87","3.2.1.8","4-beta-D-xylan xylanohydrolase","endo-1,4-beta-xylanase","Melioribacter roseus","","25951846; 25951846; ","Km value 1.05 mg/ml, pH 6.5, 65&deg;C; Km value 10.5 mg/ml, pH 6.5, 80&deg;C; Km value 3.0 mg/ml, pH 6.5, 65&deg;C",-999,"birchwood xylan","25951846; ","6.5","25951846; ","; ","80.0","25951846; ","",NA,NA,NA,NA,NA,NA,NA,"25951846; ","86000.0","x ",NA,NA,NA,NA,"50% of maximum activity","25951846; ","9.0","1920.0","substrate birchwood xylan, pH 6.5, 65&Acirc;&deg;C","25951846; ",NA,NA,NA
"88","3.2.1.8","4-beta-D-xylan xylanohydrolase","endo-1,4-beta-xylanase","Melioribacter roseus JCM 17771","cf. EC 3.2.1.136","25951846; 25951846; ",NA,NA,NA,NA,NA,NA,NA,NA,NA,NA,NA,NA,NA,NA,NA,NA,NA,NA,NA,NA,NA,NA,NA,NA,NA,NA,NA,NA,NA,NA,NA,NA,NA
"89","3.2.1.8","4-beta-D-xylan xylanohydrolase","endo-1,4-beta-xylanase","Melioribacter roseus JCM 17771","","25951846; 25951846; ",NA,NA,NA,NA,NA,NA,NA,NA,NA,NA,NA,NA,NA,NA,NA,NA,NA,NA,NA,NA,NA,NA,NA,NA,NA,NA,NA,NA,NA,NA,NA,NA,NA
"90","3.2.1.8","4-beta-D-xylan xylanohydrolase","endo-1,4-beta-xylanase","Melioribacter roseus JCM 17771","","25951846; 25951846; ",NA,NA,NA,NA,NA,NA,NA,NA,NA,NA,NA,NA,NA,NA,NA,NA,NA,NA,NA,NA,NA,NA,NA,NA,NA,NA,NA,NA,NA,NA,NA,NA,NA
"91","3.2.1.8","4-beta-D-xylan xylanohydrolase","endo-1,4-beta-xylanase","Microbacterium trichothecenolyticum","","24861346; 24861346; ",NA,NA,NA,NA,"9.0","24861346; ","","60.0","24861346; ","",NA,NA,NA,NA,NA,NA,NA,"24861346; ","41584.0","x ",NA,NA,NA,NA,NA,NA,NA,"97.0","substrate oat spelt xylan, pH 9.0, 60&Acirc;&deg;C","24861346; ","24861346; ","4.8","calculated"
"92","3.2.1.8","4-beta-D-xylan xylanohydrolase","endo-1,4-beta-xylanase","Microbacterium trichothecenolyticum HY-17","","24861346; 24861346; ",NA,NA,NA,NA,NA,NA,NA,NA,NA,NA,NA,NA,NA,NA,NA,NA,NA,NA,NA,NA,NA,NA,NA,NA,NA,NA,NA,NA,NA,NA,NA,NA,NA
"93","3.2.1.8","4-beta-D-xylan xylanohydrolase","endo-1,4-beta-xylanase","Microcella alkaliphila","","27240670; 27240670; ",NA,NA,NA,NA,"8.0","27240670; ","","65.0","27240670; ","",NA,NA,NA,NA,NA,NA,NA,"27240670; ","150000.0","SDS-PAGE",NA,NA,NA,NA,"more than 80% of maximum activity","27240670; ","6.5-10.0",NA,NA,NA,NA,NA,NA
"94","3.2.1.8","4-beta-D-xylan xylanohydrolase","endo-1,4-beta-xylanase","Microcella alkaliphila JAM-AC0309","","27240670; 27240670; ",NA,NA,NA,NA,NA,NA,NA,NA,NA,NA,NA,NA,NA,NA,NA,NA,NA,NA,NA,NA,NA,NA,NA,NA,NA,NA,NA,NA,NA,NA,NA,NA,NA
"95","3.2.1.8","4-beta-D-xylan xylanohydrolase","endo-1,4-beta-xylanase","Neocallimastix patriciarum","","18415096; 18415096; ","in 12 mM sodium citrate, 50 mM sodium phosphate buffer (pH 6.5)",2.1,"4-nitrophenyl-beta-D-xylotrioside","18078955; ","6.0","18415096; ","","45.0","18415096; ","",NA,NA,NA,NA,NA,NA,NA,"18415096; ","36000.0","sequence analysis",NA,NA,NA,NA,"","18415096; ","5.0-6.0","1983.0","toward oat spelt xylan","18415096; ",NA,NA,NA
"96","3.2.1.8","4-beta-D-xylan xylanohydrolase","endo-1,4-beta-xylanase","Neocallimastix patriciarum","precursor","18320143; 18320143; ","in 12 mM sodium citrate, 50 mM sodium phosphate buffer (pH 6.5)",2.1,"4-nitrophenyl-beta-D-xylotrioside","18078955; ","6.0","18415096; ","","45.0","18415096; ","",NA,NA,NA,NA,NA,NA,NA,"18415096; ","36000.0","sequence analysis",NA,NA,NA,NA,"","18415096; ","5.0-6.0","1983.0","toward oat spelt xylan","18415096; ",NA,NA,NA
"97","3.2.1.8","4-beta-D-xylan xylanohydrolase","endo-1,4-beta-xylanase","Neocallimastix patriciarum","bifunctional endo-1,4-beta-xylanase A precursor","18078955; 18078955; ","in 12 mM sodium citrate, 50 mM sodium phosphate buffer (pH 6.5)",2.1,"4-nitrophenyl-beta-D-xylotrioside","18078955; ","6.0","18415096; ","","45.0","18415096; ","",NA,NA,NA,NA,NA,NA,NA,"18415096; ","36000.0","sequence analysis",NA,NA,NA,NA,"","18415096; ","5.0-6.0","1983.0","toward oat spelt xylan","18415096; ",NA,NA,NA
"98","3.2.1.8","4-beta-D-xylan xylanohydrolase","endo-1,4-beta-xylanase","Nesterenkonia xinjiangensis","gene xyn11NX","19838860; 19838860; ","kinetics",-999,"more","19838860; ","7.0","19838860; ","recombinant enzyme","55.0","19838860; ","recombinant enzyme","19838860; ","20.0-70.0","activity range, profile, overview","pH 7.0, 55&Acirc;&deg;C, recombinant enzyme, oat spelt xylan","19838860; ",18.12,"beta-1,4-xylan","19838860; ","26000.0","x ",NA,NA,NA,NA,"60% of maximal activity at pH 6.0 and pH 8.0, pH profile, recombinant enzyme, overview","19838860; ","2.0-12.0",NA,NA,NA,NA,NA,NA
"99","3.2.1.8","4-beta-D-xylan xylanohydrolase","endo-1,4-beta-xylanase","Nesterenkonia xinjiangensis CCTCC AA001025","gene xyn11NX","19838860; 19838860; ",NA,NA,NA,NA,NA,NA,NA,NA,NA,NA,NA,NA,NA,NA,NA,NA,NA,NA,NA,NA,NA,NA,NA,NA,NA,NA,NA,NA,NA,NA,NA,NA,NA
"100","3.2.1.8","4-beta-D-xylan xylanohydrolase","endo-1,4-beta-xylanase","Paecilomyces sp. J18","gene XynA","19759868; 19759868; ","Michaelis-Menten kinetics, Km values of XynA for birchwood xylan, beechwood xylan, and oat-spelt xylan are 4.4 mg/ml, 3.6 mg/ml, and 9.7 mg/ml, respectively",-999,"more","19759868; ","7.0","19759868; ","recombinant His-tagged enzyme","75.0","19759868; ","recombinant His-tagged enzyme",NA,NA,NA,NA,NA,NA,NA,"19759868; ","28000.0","x ",NA,NA,NA,NA,NA,NA,NA,"706.1","purified recombinant XynA","19759868; ","19759868; ","5.47","sequence calculation"
"101","3.2.1.8","4-beta-D-xylan xylanohydrolase","endo-1,4-beta-xylanase","Paenibacillus campinasensis","gene xylX","0; 0; ",NA,NA,NA,NA,"7.0","0; ","","60.0","0; ","","0; ","40.0-80.0","activity range, correlation with pH, overview",NA,NA,NA,NA,"0; ","41000.0","x ",NA,NA,NA,NA,"activity range, correlation with temperature, overview","0; ","4.0-11.0","2392.0","purified recombinant enzyme, pH 7.0, 60&Acirc;&deg;C","0; ",NA,NA,NA
"102","3.2.1.8","4-beta-D-xylan xylanohydrolase","endo-1,4-beta-xylanase","Paenibacillus campinasensis BL11","gene xylX","0; 0; ",NA,NA,NA,NA,NA,NA,NA,NA,NA,NA,NA,NA,NA,NA,NA,NA,NA,NA,NA,NA,NA,NA,NA,NA,NA,NA,NA,NA,NA,NA,NA,NA,NA
"103","3.2.1.8","4-beta-D-xylan xylanohydrolase","endo-1,4-beta-xylanase","Paenibacillus curdlanolyticus","","0; 0; ","Km value 10.4 mg/ml, pH 6.0, temperature not specified in the publication",-999,"soluble birchwood xylan","27871388; ","7.5","21071839; ","recombinant enzyme","60.0","19349753; ","",NA,NA,NA,"pH 6.0, temperature not specified in the publication","27871388; ",129,"soluble birchwood xylan","19349753; ","142700.0","sequence analysis","27871388; ",-999,"kcat/Km vlaue 12.3 ml per s and mg, pH 6.0, temperature not specified in the publication","soluble birchwood xylan",NA,NA,NA,"1487.0","substrate soluble birchwood xylan, pH 6.0, temperature not specified in the publication","27871388; ",NA,NA,NA
"104","3.2.1.8","4-beta-D-xylan xylanohydrolase","endo-1,4-beta-xylanase","Paenibacillus curdlanolyticus","","19349753; 19349753; ","Km value 10.4 mg/ml, pH 6.0, temperature not specified in the publication",-999,"soluble birchwood xylan","27871388; ","7.5","21071839; ","recombinant enzyme","60.0","19349753; ","",NA,NA,NA,"pH 6.0, temperature not specified in the publication","27871388; ",129,"soluble birchwood xylan","19349753; ","142700.0","sequence analysis","27871388; ",-999,"kcat/Km vlaue 12.3 ml per s and mg, pH 6.0, temperature not specified in the publication","soluble birchwood xylan",NA,NA,NA,"1487.0","substrate soluble birchwood xylan, pH 6.0, temperature not specified in the publication","27871388; ",NA,NA,NA
"105","3.2.1.8","4-beta-D-xylan xylanohydrolase","endo-1,4-beta-xylanase","Paenibacillus curdlanolyticus","gene xyn10B","21071839; 21071839; ","Km value 10.4 mg/ml, pH 6.0, temperature not specified in the publication",-999,"soluble birchwood xylan","27871388; ","7.5","21071839; ","recombinant enzyme","60.0","19349753; ","",NA,NA,NA,"pH 6.0, temperature not specified in the publication","27871388; ",129,"soluble birchwood xylan","19349753; ","142700.0","sequence analysis","27871388; ",-999,"kcat/Km vlaue 12.3 ml per s and mg, pH 6.0, temperature not specified in the publication","soluble birchwood xylan",NA,NA,NA,"1487.0","substrate soluble birchwood xylan, pH 6.0, temperature not specified in the publication","27871388; ",NA,NA,NA
"106","3.2.1.8","4-beta-D-xylan xylanohydrolase","endo-1,4-beta-xylanase","Paenibacillus curdlanolyticus B-6","","19349753; 19349753; ",NA,NA,NA,NA,NA,NA,NA,NA,NA,NA,NA,NA,NA,NA,NA,NA,NA,NA,NA,NA,NA,NA,NA,NA,NA,NA,NA,NA,NA,NA,NA,NA,NA
"107","3.2.1.8","4-beta-D-xylan xylanohydrolase","endo-1,4-beta-xylanase","Paenibacillus curdlanolyticus B-60","","0; 0; ",NA,NA,NA,NA,NA,NA,NA,NA,NA,NA,NA,NA,NA,NA,NA,NA,NA,NA,NA,NA,NA,NA,NA,NA,NA,NA,NA,NA,NA,NA,NA,NA,NA
"108","3.2.1.8","4-beta-D-xylan xylanohydrolase","endo-1,4-beta-xylanase","Paenibacillus polymyxa","endo-1,4-beta-xylanase D precursor","18320143; 18320143; ",NA,NA,NA,NA,NA,NA,NA,NA,NA,NA,NA,NA,NA,NA,NA,NA,NA,NA,NA,NA,NA,NA,NA,NA,NA,NA,NA,NA,NA,NA,NA,NA,NA
"109","3.2.1.8","4-beta-D-xylan xylanohydrolase","endo-1,4-beta-xylanase","Paenibacillus sp.","","25112314; 25112314; ","Km value is 12.2 mg/ml, pH 6.5, 65&Acirc;&deg;C",-999,"wheat arabinoxylan","25112314; ","9.5","20493247; ","optimum 2","65.0","25112314; ","","20493247; ","20.0-80.0","activity range",NA,NA,NA,NA,"25112314; ","156700.0","x ",NA,NA,NA,NA,"70% of maximal activity at pH 6.5, 85% at pH 7.5","100039262; ","6.5-7.5","454.0","substrate birchwood xylan, pH 6.5, 65&deg;C","25112314; ",NA,NA,NA
"110","3.2.1.8","4-beta-D-xylan xylanohydrolase","endo-1,4-beta-xylanase","Paenibacillus sp.","","20493247; 20493247; ","Km value is 12.2 mg/ml, pH 6.5, 65&Acirc;&deg;C",-999,"wheat arabinoxylan","25112314; ","9.5","20493247; ","optimum 2","65.0","25112314; ","","20493247; ","20.0-80.0","activity range",NA,NA,NA,NA,"25112314; ","156700.0","x ",NA,NA,NA,NA,"70% of maximal activity at pH 6.5, 85% at pH 7.5","100039262; ","6.5-7.5","454.0","substrate birchwood xylan, pH 6.5, 65&Acirc;&deg;C","25112314; ",NA,NA,NA
"111","3.2.1.8","4-beta-D-xylan xylanohydrolase","endo-1,4-beta-xylanase","Paenibacillus sp. DG-22","","25112314; 25112314; ",NA,NA,NA,NA,NA,NA,NA,NA,NA,NA,NA,NA,NA,NA,NA,NA,NA,NA,NA,NA,NA,NA,NA,NA,NA,NA,NA,NA,NA,NA,NA,NA,NA
"112","3.2.1.8","4-beta-D-xylan xylanohydrolase","endo-1,4-beta-xylanase","Paenibacillus sp. HPL-001","","20493247; 20493247; ",NA,NA,NA,NA,NA,NA,NA,NA,NA,NA,NA,NA,NA,NA,NA,NA,NA,NA,NA,NA,NA,NA,NA,NA,NA,NA,NA,NA,NA,NA,NA,NA,NA
"113","3.2.1.8","4-beta-D-xylan xylanohydrolase","endo-1,4-beta-xylanase","Penicillium canescens","","23157299; 23157299; ","Km value is 0.52 mg/ml, pH 5.0, 50&deg;C",-999,"birch wood xylan","23157299; ","6.0","23157299; ","","70.0","23157299; ","","23157299; ","65.0-75.0","more than 80% of maximum activity",NA,NA,NA,NA,"23157299; ","40000.0","x ",NA,NA,NA,NA,"","23157299; ","4.0-8.0",NA,NA,NA,"23157299; ","6.5","isoelectric focusing"
"114","3.2.1.8","4-beta-D-xylan xylanohydrolase","endo-1,4-beta-xylanase","Penicillium citrinum","","18499053; 18499053; ",NA,NA,NA,NA,"8.5","17257262; ","","55.0","16473771; ","",NA,NA,NA,NA,NA,NA,NA,"18499053; ","31600.0","1 ",NA,NA,NA,NA,"retains more than 80% of the original activity","18499053; ","3.0-10.0","360.7","after 14.2fold purification","17257262; ","16473771; ","4.4","calculated"
"115","3.2.1.8","4-beta-D-xylan xylanohydrolase","endo-1,4-beta-xylanase","Penicillium citrinum","growth on birchwood xylan","16473771; 16473771; ",NA,NA,NA,NA,"8.5","17257262; ","","55.0","16473771; ","",NA,NA,NA,NA,NA,NA,NA,"18499053; ","31600.0","1 ",NA,NA,NA,NA,"retains more than 80% of the original activity","18499053; ","3.0-10.0","360.7","after 14.2fold purification","17257262; ","16473771; ","4.4","calculated"
"116","3.2.1.8","4-beta-D-xylan xylanohydrolase","endo-1,4-beta-xylanase","Penicillium citrinum FERM P-1594","growth on birchwood xylan","16473771; 16473771; ",NA,NA,NA,NA,NA,NA,NA,NA,NA,NA,NA,NA,NA,NA,NA,NA,NA,NA,NA,NA,NA,NA,NA,NA,NA,NA,NA,NA,NA,NA,NA,NA,NA
"117","3.2.1.8","4-beta-D-xylan xylanohydrolase","endo-1,4-beta-xylanase","Penicillium citrinum FERM P-15944","","18499053; 18499053; ",NA,NA,NA,NA,NA,NA,NA,NA,NA,NA,NA,NA,NA,NA,NA,NA,NA,NA,NA,NA,NA,NA,NA,NA,NA,NA,NA,NA,NA,NA,NA,NA,NA
"118","3.2.1.8","4-beta-D-xylan xylanohydrolase","endo-1,4-beta-xylanase","Penicillium oxalicum","","24818699; 24818699; ","Km value is 41.3 mg/ml, pGH 4.0, 50&deg;C",-999,"oat spelt xylan","24818699; ","4.0","24818699; ","",NA,NA,NA,NA,NA,NA,NA,NA,NA,NA,"24818699; ","21300.0","x ",NA,NA,NA,NA,NA,NA,NA,"150.0","substrate beechwood xylan, pH 4.0, 50&Acirc;&deg;C","24818699; ",NA,NA,NA
"119","3.2.1.8","4-beta-D-xylan xylanohydrolase","endo-1,4-beta-xylanase","Penicillium oxalicum GZ-2","","24818699; 24818699; ",NA,NA,NA,NA,NA,NA,NA,NA,NA,NA,NA,NA,NA,NA,NA,NA,NA,NA,NA,NA,NA,NA,NA,NA,NA,NA,NA,NA,NA,NA,NA,NA,NA
"120","3.2.1.8","4-beta-D-xylan xylanohydrolase","endo-1,4-beta-xylanase","Penicillium sp. CGMCC 1669","gene xyn11F63; gene xyn11F63","19626289; 19626289; ","kinetics",-999,"more","19626289; ","4.5","19626289; ","recombinant enzyme","40.0","19626289; ","recombinant enzyme",NA,NA,NA,"recombinant enzyme, pH 4.5, 37&Acirc;&deg;C","19626289; ",5416,"beta-1,4-xylan","19626289; ","21500.0","x ",NA,NA,NA,NA,NA,NA,NA,"7988.0","purified recombinant enzyme","19626289; ",NA,NA,NA
"121","3.2.1.8","4-beta-D-xylan xylanohydrolase","endo-1,4-beta-xylanase","Phialophora sp. CGMCC 3328","gene xyn10G5","21120468; 21120468; ",NA,NA,NA,NA,"4.0","21120468; ","","70.0","21120468; ","",NA,NA,NA,NA,NA,NA,NA,"21120468; ","55000.0","x ",NA,NA,NA,NA,NA,NA,NA,"350.6","purified recombinant XYN10G5, substrate soluble wheat arabinoxylan, pH 4.0, 70&deg;C","21120468; ",NA,NA,NA
"122","3.2.1.8","4-beta-D-xylan xylanohydrolase","endo-1,4-beta-xylanase","Pseudoalteromonas haloplanktis","gene xyl; psychrophilic enzyme, antarctic bacterium","12089151; 12089151; ","",-999,"more","12089151; ","5.3-8.0","12089151; ","at 25&Acirc;&deg;C","25.0","12089151; ","cold-adapted enzyme","12089151; ","5.0-35.0","60% of maximal activity at 5&Acirc;&deg;C","pH 6.5, 25&Acirc;&deg;C","12089151; ",1247,"xylan","12089151; ","45982.0","x ",NA,NA,NA,NA,NA,NA,NA,NA,NA,NA,"12089151; ","9.5",""
"123","3.2.1.8","4-beta-D-xylan xylanohydrolase","endo-1,4-beta-xylanase","Pseudoalteromonas haloplanktis","","16605248; 16605248; ","",-999,"more","12089151; ","5.3-8.0","12089151; ","at 25&Acirc;&deg;C","25.0","12089151; ","cold-adapted enzyme","12089151; ","5.0-35.0","60% of maximal activity at 5&Acirc;&deg;C","pH 6.5, 25&Acirc;&deg;C","12089151; ",1247,"xylan","12089151; ","45982.0","x ",NA,NA,NA,NA,NA,NA,NA,NA,NA,NA,"12089151; ","9.5",""
"124","3.2.1.8","4-beta-D-xylan xylanohydrolase","endo-1,4-beta-xylanase","Pseudoalteromonas haloplanktis TAH3a","","16605248; 16605248; ",NA,NA,NA,NA,NA,NA,NA,NA,NA,NA,NA,NA,NA,NA,NA,NA,NA,NA,NA,NA,NA,NA,NA,NA,NA,NA,NA,NA,NA,NA,NA,NA,NA
"125","3.2.1.8","4-beta-D-xylan xylanohydrolase","endo-1,4-beta-xylanase","Pseudothermotoga thermarum","","24170174; 24170174; ","Km value is 1.8 mg/ml, pH 6.0, 80&Acirc;&deg;C",-999,"beechwood xylan","24170174; ","6.0","24170174; ","","80.0","24170174; ","",NA,NA,NA,"pH 6.0, 80&Acirc;&deg;C","24170174; ",520,"beechwood xylan","24170174; ","40531.0","x ","24170174; ",-999,"kcat/Km value is 289 ml per mg and s, pH 6.0, 80&deg;C","beechwood xylan",NA,NA,NA,NA,NA,NA,"24170174; ","6.4","calculated"
"126","3.2.1.8","4-beta-D-xylan xylanohydrolase","endo-1,4-beta-xylanase","Pseudothermotoga thermarum DSM 5069","","24170174; 24170174; ",NA,NA,NA,NA,NA,NA,NA,NA,NA,NA,NA,NA,NA,NA,NA,NA,NA,NA,NA,NA,NA,NA,NA,NA,NA,NA,NA,NA,NA,NA,NA,NA,NA
"127","3.2.1.8","4-beta-D-xylan xylanohydrolase","endo-1,4-beta-xylanase","Radopholus similis","gene XYL1","19400841; 19400841; ",NA,NA,NA,NA,NA,NA,NA,NA,NA,NA,NA,NA,NA,NA,NA,NA,NA,NA,NA,NA,NA,NA,NA,NA,NA,NA,NA,NA,NA,NA,NA,NA,NA
"128","3.2.1.8","4-beta-D-xylan xylanohydrolase","endo-1,4-beta-xylanase","Rhodothermus marinus","fragment; formerly Rhodothermus obamensis","18320143; 18320143; ",NA,NA,NA,NA,NA,NA,NA,NA,NA,NA,NA,NA,NA,NA,NA,NA,NA,NA,NA,NA,NA,NA,NA,NA,NA,NA,NA,NA,NA,NA,NA,NA,NA
"129","3.2.1.8","4-beta-D-xylan xylanohydrolase","endo-1,4-beta-xylanase","Ruminiclostridium thermocellum","","27841749; 27841749; ","Km values for mutants XynC-BC and XynC-C determined on soluble xylan are 3.1 mg/ml and 3.6 mg/ml, respectively; Km values for mutants XynZ-BDC and XynZ-C, determined on soluble xylan, are 33.3 mg/ml and 15.4 mg/ml, respectively",-999,"more","19861138; ","6.0","0; ","","75.0","27841749; ","","27841749; ","40.0-70.0","more than 95% of maximum activity",NA,NA,NA,NA,"0; ","61200.0","",NA,NA,NA,NA,NA,NA,NA,"390.0-8.0","purified mutant XynZ-C","19861138; ",NA,NA,NA
"130","3.2.1.8","4-beta-D-xylan xylanohydrolase","endo-1,4-beta-xylanase","Ruminiclostridium thermocellum","xynC; strain ATCC 27405D, gene xynC","19861138; 19861138; ","Km values for mutants XynC-BC and XynC-C determined on soluble xylan are 3.1 mg/ml and 3.6 mg/ml, respectively; Km values for mutants XynZ-BDC and XynZ-C, determined on soluble xylan, are 33.3 mg/ml and 15.4 mg/ml, respectively",-999,"more","19861138; ","6.0","0; ","","75.0","27841749; ","","27841749; ","40.0-70.0","more than 95% of maximum activity",NA,NA,NA,NA,"0; ","61200.0","",NA,NA,NA,NA,NA,NA,NA,"390.0-8.0","purified mutant XynZ-C","19861138; ",NA,NA,NA
"131","3.2.1.8","4-beta-D-xylan xylanohydrolase","endo-1,4-beta-xylanase","Ruminiclostridium thermocellum","","18320143; 18320143; ","Km values for mutants XynC-BC and XynC-C determined on soluble xylan are 3.1 mg/ml and 3.6 mg/ml, respectively; Km values for mutants XynZ-BDC and XynZ-C, determined on soluble xylan, are 33.3 mg/ml and 15.4 mg/ml, respectively",-999,"more","19861138; ","6.0","0; ","","75.0","27841749; ","","27841749; ","40.0-70.0","more than 95% of maximum activity",NA,NA,NA,NA,"0; ","61200.0","",NA,NA,NA,NA,NA,NA,NA,"390.0-8.0","purified mutant XynZ-C","19861138; ",NA,NA,NA
"132","3.2.1.8","4-beta-D-xylan xylanohydrolase","endo-1,4-beta-xylanase","Ruminiclostridium thermocellum","xynZ; strain ATCC 27405D, gene xynZ","19861138; 19861138; ","Km values for mutants XynC-BC and XynC-C determined on soluble xylan are 3.1 mg/ml and 3.6 mg/ml, respectively; Km values for mutants XynZ-BDC and XynZ-C, determined on soluble xylan, are 33.3 mg/ml and 15.4 mg/ml, respectively",-999,"more","19861138; ","6.0","0; ","","75.0","27841749; ","","27841749; ","40.0-70.0","more than 95% of maximum activity",NA,NA,NA,NA,"0; ","61200.0","",NA,NA,NA,NA,NA,NA,NA,"390.0-8.0","purified mutant XynZ-C","19861138; ",NA,NA,NA
"133","3.2.1.8","4-beta-D-xylan xylanohydrolase","endo-1,4-beta-xylanase","Ruminiclostridium thermocellum","","25768418; 25768418; ","Km values for mutants XynC-BC and XynC-C determined on soluble xylan are 3.1 mg/ml and 3.6 mg/ml, respectively; Km values for mutants XynZ-BDC and XynZ-C, determined on soluble xylan, are 33.3 mg/ml and 15.4 mg/ml, respectively",-999,"more","19861138; ","6.0","0; ","","75.0","27841749; ","","27841749; ","40.0-70.0","more than 95% of maximum activity",NA,NA,NA,NA,"0; ","61200.0","",NA,NA,NA,NA,NA,NA,NA,"390.0-8.0","purified mutant XynZ-C","19861138; ",NA,NA,NA
"134","3.2.1.8","4-beta-D-xylan xylanohydrolase","endo-1,4-beta-xylanase","Ruminiclostridium thermocellum","","18678939; 18678939; ","Km values for mutants XynC-BC and XynC-C determined on soluble xylan are 3.1 mg/ml and 3.6 mg/ml, respectively; Km values for mutants XynZ-BDC and XynZ-C, determined on soluble xylan, are 33.3 mg/ml and 15.4 mg/ml, respectively",-999,"more","19861138; ","6.0","0; ","","75.0","27841749; ","","27841749; ","40.0-70.0","more than 95% of maximum activity",NA,NA,NA,NA,"0; ","61200.0","",NA,NA,NA,NA,NA,NA,NA,"390.0-8.0","purified mutant XynZ-C","19861138; ",NA,NA,NA
"135","3.2.1.8","4-beta-D-xylan xylanohydrolase","endo-1,4-beta-xylanase","Ruminiclostridium thermocellum DSM 1237","","27841749; 27841749; ",NA,NA,NA,NA,NA,NA,NA,NA,NA,NA,NA,NA,NA,NA,NA,NA,NA,NA,NA,NA,NA,NA,NA,NA,NA,NA,NA,NA,NA,NA,NA,NA,NA
"136","3.2.1.8","4-beta-D-xylan xylanohydrolase","endo-1,4-beta-xylanase","Ruminiclostridium thermocellum DSM 1237","","27841749; 27841749; ",NA,NA,NA,NA,NA,NA,NA,NA,NA,NA,NA,NA,NA,NA,NA,NA,NA,NA,NA,NA,NA,NA,NA,NA,NA,NA,NA,NA,NA,NA,NA,NA,NA
"137","3.2.1.8","4-beta-D-xylan xylanohydrolase","endo-1,4-beta-xylanase","Ruminiclostridium thermocellum DSM 1237","","25768418; 25768418; ",NA,NA,NA,NA,NA,NA,NA,NA,NA,NA,NA,NA,NA,NA,NA,NA,NA,NA,NA,NA,NA,NA,NA,NA,NA,NA,NA,NA,NA,NA,NA,NA,NA
"138","3.2.1.8","4-beta-D-xylan xylanohydrolase","endo-1,4-beta-xylanase","Ruminiclostridium thermocellum DSM 1237","","25768418; 25768418; ",NA,NA,NA,NA,NA,NA,NA,NA,NA,NA,NA,NA,NA,NA,NA,NA,NA,NA,NA,NA,NA,NA,NA,NA,NA,NA,NA,NA,NA,NA,NA,NA,NA
"139","3.2.1.8","4-beta-D-xylan xylanohydrolase","endo-1,4-beta-xylanase","Saccharopolyspora pathumthaniensis","isolated from the gut of a grass-feeding termite","21979072; 21979072; ",NA,NA,NA,NA,"6.5","21979072; ","","70.0","21979072; ","","21979072; ","40.0-80.0","activity range, profile, overview",NA,NA,NA,NA,"21979072; ","36000.0","x ",NA,NA,NA,NA,"activity range, profile, overview","21979072; ","5.0-10.0",NA,NA,NA,NA,NA,NA
"140","3.2.1.8","4-beta-D-xylan xylanohydrolase","endo-1,4-beta-xylanase","Saccharopolyspora pathumthaniensis S582","isolated from the gut of a grass-feeding termite","21979072; 21979072; ",NA,NA,NA,NA,NA,NA,NA,NA,NA,NA,NA,NA,NA,NA,NA,NA,NA,NA,NA,NA,NA,NA,NA,NA,NA,NA,NA,NA,NA,NA,NA,NA,NA
"141","3.2.1.8","4-beta-D-xylan xylanohydrolase","endo-1,4-beta-xylanase","Schizophyllum commune","","23410928; 23410928; ","",-999,"more","0; ","5.5","0; ","","50.0","23410928; ","",NA,NA,NA,NA,NA,NA,NA,"0; ","30500.0","x ",NA,NA,NA,NA,"70% of maximum activity","23410928; ","7.0","5768.0","substrate beechwood xylan, pH 5.0, 40&Acirc;&deg;C","23410928; ","0; ","3.6","isoform XynC, isoelectric focusing"
"142","3.2.1.8","4-beta-D-xylan xylanohydrolase","endo-1,4-beta-xylanase","Sphingobacterium sp. TN19","a symbiotic bacterium isolated from the gut of Batocera horsfieldi larvae, gene xynA19","19554324; 19554324; ","Km for the recombinant enzyme is 17.9 mg/ml",-999,"more","19554324; ","6.5","19554324; ","","45.0","19554324; ","","19554324; ","10.0-65.0","the enzyme shows over 65% of its maximum activity at 20-28&deg;C and about 40% at 10&deg;C","pH 6.5, 45&Acirc;&deg;C","19554324; ",603.8,"beta-1,4-xylan",NA,NA,NA,NA,NA,NA,NA,NA,NA,NA,"196.9","purified recombinant enzyme","19554324; ",NA,NA,NA
"143","3.2.1.8","4-beta-D-xylan xylanohydrolase","endo-1,4-beta-xylanase","Streptomyces avermitilis","","18645964; 18645964; ",NA,NA,NA,NA,"7.5","18645964; ","purified heavier protein band (42.8 kDa)","60.0","18645964; ","purified heavier protein band (42.8 kDa)","18645964; ","20.0-80.0","purified heavier protein band (42.8 kDa), more than 50% of maximum activity",NA,NA,NA,NA,"18645964; ","47000.0","sequence analysis, xyl30 ORF",NA,NA,NA,NA,NA,NA,NA,NA,NA,NA,"18645964; ","6.3",""
"144","3.2.1.8","4-beta-D-xylan xylanohydrolase","endo-1,4-beta-xylanase","Streptomyces avermitilis CECT 3339","","18645964; 18645964; ",NA,NA,NA,NA,NA,NA,NA,NA,NA,NA,NA,NA,NA,NA,NA,NA,NA,NA,NA,NA,NA,NA,NA,NA,NA,NA,NA,NA,NA,NA,NA,NA,NA
"145","3.2.1.8","4-beta-D-xylan xylanohydrolase","endo-1,4-beta-xylanase","Streptomyces coelicolor","","27146990; 27146990; ","Km value 0.24 mg/ml, pH 6.0, 50&deg;C",-999,"beechwood xylan","27146990; ","6.0","27146990; ","","60.0","27146990; ","","27146990; ","50.0","98% of maximum activity",NA,NA,NA,NA,"27146990; ","47000.0","",NA,NA,NA,NA,"40% of maximum activity","27146990; ","4.0","28940.0","pH 6.0, 50&deg;C","27146990; ",NA,NA,NA
"146","3.2.1.8","4-beta-D-xylan xylanohydrolase","endo-1,4-beta-xylanase","Streptomyces coelicolor A3(2)","","27146990; 27146990; ",NA,NA,NA,NA,NA,NA,NA,NA,NA,NA,NA,NA,NA,NA,NA,NA,NA,NA,NA,NA,NA,NA,NA,NA,NA,NA,NA,NA,NA,NA,NA,NA,NA
"147","3.2.1.8","4-beta-D-xylan xylanohydrolase","endo-1,4-beta-xylanase","Streptomyces fradiae"," var. K11","18388456; 18388456; ",NA,NA,NA,NA,"7.8","18388456; ","at 50&Acirc;&deg;C","60.0","18388456; ","at pH 7.8",NA,NA,NA,"","18388456; ",170.8,"oat spelt xylan","18388456; ","47000.0","1 ",NA,NA,NA,NA,"over 80% of the peak activity","18388456; ","6.5-8.5","304.2","6.7fold purified enzyme","18388456; ",NA,NA,NA
"148","3.2.1.8","4-beta-D-xylan xylanohydrolase","endo-1,4-beta-xylanase","Streptomyces lividans","","18320143; 18320143; ","",-999,"more","3827815; ","6.0-7.0","3827815; ","","60.0","0; ","","3827815; ","50.0-70.0","50&Acirc;&deg;C: about 60% of maximal activity, 70&Acirc;&deg;C: about 75% of maximal activity",NA,NA,NA,NA,"3827815; ","43000.0","x ",NA,NA,NA,NA,"pH 5.0: about 45% of maximal activity, pH 7.0: about 65% of maximal activity","3827815; ","5.0-7.0",NA,NA,NA,NA,NA,NA
"149","3.2.1.8","4-beta-D-xylan xylanohydrolase","endo-1,4-beta-xylanase","Streptomyces olivaceoviridis","","18320143; 18320143; ","wild-type",2.37,"p-nitrophenyl-beta-D-xylobioside","19279191; ","6.0","20361933; ","assay at","65.0","20361933; ","",NA,NA,NA,"wild-type","19279191; ",42.17,"p-nitrophenyl-beta-D-xylobioside",NA,NA,NA,NA,NA,NA,NA,NA,NA,NA,"801.0","purified recombinant wild-type SoxB","20361933; ",NA,NA,NA
"150","3.2.1.8","4-beta-D-xylan xylanohydrolase","endo-1,4-beta-xylanase","Streptomyces sp.","","22544563; 22544563; ","Km value is 5.6 mg/ml, pGH 6.0, 40&Acirc;&deg;C",-999,"wheat arabinoxylan","24197520; ","6.0-8.0","14594403; ","","60.0-65.0","10689075; ","","14594403; ","30.0-75.0","about 50% of maximal activity at 50&Acirc;&deg;C and 75&Acirc;&deg;C",NA,NA,NA,NA,"0; ","50000.0","xylanase X-I, gel filtration",NA,NA,NA,NA,"86% of maximal activity at pH 4.0, 97% at pH 8.0, 30% activity at pH 10.0-12.0","14594403; ","4.0-12.0","5700.0","purified Xyl1, substrate birchwood xylan, at 50&deg;C","10689075; ","10689075; ","5.5","Xyl1, isoelectric focusing"
"151","3.2.1.8","4-beta-D-xylan xylanohydrolase","endo-1,4-beta-xylanase","Streptomyces sp.","","24197520; 24197520; ","Km value is 5.6 mg/ml, pGH 6.0, 40&deg;C",-999,"wheat arabinoxylan","24197520; ","6.0-8.0","14594403; ","","60.0-65.0","10689075; ","","14594403; ","30.0-75.0","about 50% of maximal activity at 50&deg;C and 75&deg;C",NA,NA,NA,NA,"0; ","50000.0","xylanase X-I, gel filtration",NA,NA,NA,NA,"86% of maximal activity at pH 4.0, 97% at pH 8.0, 30% activity at pH 10.0-12.0","14594403; ","4.0-12.0","5700.0","purified Xyl1, substrate birchwood xylan, at 50&deg;C","10689075; ","10689075; ","5.5","Xyl1, isoelectric focusing"
"152","3.2.1.8","4-beta-D-xylan xylanohydrolase","endo-1,4-beta-xylanase","Streptomyces sp. S27","","19107475; 19107475; ",NA,NA,NA,NA,"6.5","19002659; ","","65.0","19002659; ","",NA,NA,NA,"","19002659; ",3475,"oat spelt xylan","19107475; ","47000.0","x ",NA,NA,NA,NA,NA,NA,NA,"3272.0","purified enzyme","19002659; ",NA,NA,NA
"153","3.2.1.8","4-beta-D-xylan xylanohydrolase","endo-1,4-beta-xylanase","Streptomyces sp. S9","","18521591; 18521591; ",NA,NA,NA,NA,"6.5","18521591; ","","60.0","18521591; ","",NA,NA,NA,NA,NA,NA,NA,"18521591; ","46000.0","1 ",NA,NA,NA,NA,NA,NA,NA,"453.7","7.1fold purified enzyme","18521591; ",NA,NA,NA
"154","3.2.1.8","4-beta-D-xylan xylanohydrolase","endo-1,4-beta-xylanase","Streptomyces sp. SWU10","","22544563; 22544563; ",NA,NA,NA,NA,NA,NA,NA,NA,NA,NA,NA,NA,NA,NA,NA,NA,NA,NA,NA,NA,NA,NA,NA,NA,NA,NA,NA,NA,NA,NA,NA,NA,NA
"155","3.2.1.8","4-beta-D-xylan xylanohydrolase","endo-1,4-beta-xylanase","Streptomyces sp. SWU10","","24197520; 24197520; ",NA,NA,NA,NA,NA,NA,NA,NA,NA,NA,NA,NA,NA,NA,NA,NA,NA,NA,NA,NA,NA,NA,NA,NA,NA,NA,NA,NA,NA,NA,NA,NA,NA
"156","3.2.1.8","4-beta-D-xylan xylanohydrolase","endo-1,4-beta-xylanase","Streptomyces sp. TN119","isolated from the gut of Batocera horsfieldi larvae collected from oak trees, gene xynA119","19412576; 19412576; ",NA,NA,NA,NA,"6.5","19412576; ","recombinant enzyme","60.0","19412576; ","recombinant enzyme",NA,NA,NA,"pH 6.5, 60&deg;C","19412576; ",49.2,"oat-spelt xylan","19412576; ","38000.0","x ",NA,NA,NA,NA,"over 60% of maximal activity within this range, recombinant enzyme","19412576; ","5.5-7.5","57.9","purified recombinant enzyme, substrate oat-spelt xylan","19412576; ",NA,NA,NA
"157","3.2.1.8","4-beta-D-xylan xylanohydrolase","endo-1,4-beta-xylanase","Streptomyces thermocarboxydus","isolated from the gut of Eisenia fetida, gene xylG","0; 0; ","Michaelis-Menten kinetics",-999,"more","0; ","6.0","0; ","recombinant enzyme","55.0","0; ","recombinant enzyme","0; ","35.0-75.0","activity range",NA,NA,NA,NA,"0; ","43962.0","x ",NA,NA,NA,NA,"activity range, over 85% of its maximum activity at a pH range of pH 5.0 to pH 6.5","0; ","4.5-10.5","70.3","purified enzyme, substrate is xylan from birchwood","0; ","0; ","6.74","sequence calculation"
"158","3.2.1.8","4-beta-D-xylan xylanohydrolase","endo-1,4-beta-xylanase","Streptomyces thermocarboxydus HY-15","isolated from the gut of Eisenia fetida, gene xylG","0; 0; ",NA,NA,NA,NA,NA,NA,NA,NA,NA,NA,NA,NA,NA,NA,NA,NA,NA,NA,NA,NA,NA,NA,NA,NA,NA,NA,NA,NA,NA,NA,NA,NA,NA
"159","3.2.1.8","4-beta-D-xylan xylanohydrolase","endo-1,4-beta-xylanase","Streptomyces thermocyaneoviolaceus","gene xynB","0; 0; ",NA,NA,NA,NA,"5.0","0; ","native enzyme","60.0","0; ","native enzyme","0; ","30.0-70.0","native enzyme, activity range, profile, overview",NA,NA,NA,NA,NA,NA,NA,NA,NA,NA,NA,"native enzyme, activity range, profile, overview","0; ","3.0-9.0",NA,NA,NA,NA,NA,NA
"160","3.2.1.8","4-beta-D-xylan xylanohydrolase","endo-1,4-beta-xylanase","Streptomyces thermocyaneoviolaceus M049","gene xynB","0; 0; ",NA,NA,NA,NA,NA,NA,NA,NA,NA,NA,NA,NA,NA,NA,NA,NA,NA,NA,NA,NA,NA,NA,NA,NA,NA,NA,NA,NA,NA,NA,NA,NA,NA
"161","3.2.1.8","4-beta-D-xylan xylanohydrolase","endo-1,4-beta-xylanase","Sulfolobus solfataricus","","18568289; 18568289; ",NA,NA,NA,NA,"7.0","15064978; ","at 80&Acirc;&deg;C","90.0","18568289; ","","18568289; ","80.0-95.0","80&Acirc;&deg;C: about 40% of maximal activity, 95&Acirc;&deg;C: about 40% of maximal activity",NA,NA,NA,NA,"15064978; ","58800.0","gel filtration",NA,NA,NA,NA,"pH 3.5: about 55% of maximal activity, pH 5.0: about 65% of maximal activity","18568289; ","3.5-5.0","11.4","after 10.4fold purification, using oat spelt xylan as a substrate, at pH 7.0, at 80&deg;C","15064978; ",NA,NA,NA
"162","3.2.1.8","4-beta-D-xylan xylanohydrolase","endo-1,4-beta-xylanase","Sulfolobus solfataricus Oalpha","","18568289; 18568289; ",NA,NA,NA,NA,NA,NA,NA,NA,NA,NA,NA,NA,NA,NA,NA,NA,NA,NA,NA,NA,NA,NA,NA,NA,NA,NA,NA,NA,NA,NA,NA,NA,NA
"163","3.2.1.8","4-beta-D-xylan xylanohydrolase","endo-1,4-beta-xylanase","Talaromyces cellulolyticus","","24211645; 24211645; ","",-999,"more","0; ","5.0","24211645; ","","55.0","0; ","all 3 isozymes",NA,NA,NA,NA,NA,NA,NA,"24211645; ","51000.0","x ",NA,NA,NA,NA,NA,NA,NA,"4659.0-251.0","mutant S35C/N44H/Y61M/T62C/N63L/D65P/N66G/T101P/S102N, pH 5.0, 50&Acirc;&deg;C","27410423; ","0; ","6.0","isozyme III"
"164","3.2.1.8","4-beta-D-xylan xylanohydrolase","endo-1,4-beta-xylanase","Talaromyces cellulolyticus","","27410423; 27410423; ","",-999,"more","0; ","5.0","24211645; ","","55.0","0; ","all 3 isozymes",NA,NA,NA,NA,NA,NA,NA,"24211645; ","51000.0","x ",NA,NA,NA,NA,NA,NA,NA,"4659.0-251.0","mutant S35C/N44H/Y61M/T62C/N63L/D65P/N66G/T101P/S102N, pH 5.0, 50&deg;C","27410423; ","0; ","6.0","isozyme III"
"165","3.2.1.8","4-beta-D-xylan xylanohydrolase","endo-1,4-beta-xylanase","Talaromyces cellulolyticus CF-2612","","27410423; 27410423; ",NA,NA,NA,NA,NA,NA,NA,NA,NA,NA,NA,NA,NA,NA,NA,NA,NA,NA,NA,NA,NA,NA,NA,NA,NA,NA,NA,NA,NA,NA,NA,NA,NA
"166","3.2.1.8","4-beta-D-xylan xylanohydrolase","endo-1,4-beta-xylanase","Talaromyces funiculosus","gene xynD","21466666; 21466666; ","kinetics, overview",-999,"more","21466666; ","5.5","17216454; ","","80.0-60.0","21466666; ","",NA,NA,NA,"apparent value for the recombinant enzyme","17216454; ",997,"birchwood xylan","21466666; ","64000.0","x ",NA,NA,NA,NA,"displays over 50% activity in the pH range of 4.5 to 6.5","17216454; ","4.5-6.5","115.9-3.9","purified recombinant enzyme, substrate high viscosity arabinoxylan, pH 5.0, 70&Acirc;&deg;C","21466666; ","17216454; ","8.6","isoelectric focusing"
"167","3.2.1.8","4-beta-D-xylan xylanohydrolase","endo-1,4-beta-xylanase","Talaromyces funiculosus","recombinant enzyme, expressed in Pichia pastoris","15450181; 15450181; ","kinetics, overview",-999,"more","21466666; ","5.5","17216454; ","","80.0-60.0","21466666; ","",NA,NA,NA,"pH 4.2, 45&deg;C","15450181; ",5405,"xylan","21466666; ","64000.0","x ",NA,NA,NA,NA,"displays over 50% activity in the pH range of 4.5 to 6.5","17216454; ","4.5-6.5","115.9-3.9","purified recombinant enzyme, substrate high viscosity arabinoxylan, pH 5.0, 70&Acirc;&deg;C","21466666; ","17216454; ","8.6","isoelectric focusing"
"168","3.2.1.8","4-beta-D-xylan xylanohydrolase","endo-1,4-beta-xylanase","Talaromyces funiculosus","","17216454; 17216454; ","kinetics, overview",-999,"more","21466666; ","5.5","17216454; ","","80.0-60.0","21466666; ","",NA,NA,NA,"pH 4.2, 45&deg;C","15450181; ",5405,"xylan","21466666; ","64000.0","x ",NA,NA,NA,NA,"displays over 50% activity in the pH range of 4.5 to 6.5","17216454; ","4.5-6.5","115.9-3.9","purified recombinant enzyme, substrate high viscosity arabinoxylan, pH 5.0, 70&Acirc;&deg;C","21466666; ","17216454; ","8.6","isoelectric focusing"
"169","3.2.1.8","4-beta-D-xylan xylanohydrolase","endo-1,4-beta-xylanase","Talaromyces funiculosus","precursor","18320143; 18320143; ","kinetics, overview",-999,"more","21466666; ","5.5","17216454; ","","80.0-60.0","21466666; ","",NA,NA,NA,"apparent value for the recombinant enzyme","17216454; ",997,"birchwood xylan","21466666; ","64000.0","x ",NA,NA,NA,NA,"displays over 50% activity in the pH range of 4.5 to 6.5","17216454; ","4.5-6.5","115.9-3.9","purified recombinant enzyme, substrate high viscosity arabinoxylan, pH 5.0, 70&Acirc;&deg;C","21466666; ","17216454; ","8.6","isoelectric focusing"
"170","3.2.1.8","4-beta-D-xylan xylanohydrolase","endo-1,4-beta-xylanase","Talaromyces purpureogenus","","17061829; 18303843; 17061829; 18303843; ",NA,NA,NA,NA,NA,NA,NA,NA,NA,NA,NA,NA,NA,NA,NA,NA,NA,NA,NA,NA,NA,NA,NA,NA,NA,NA,NA,NA,NA,NA,NA,NA,NA
"171","3.2.1.8","4-beta-D-xylan xylanohydrolase","endo-1,4-beta-xylanase","Thermoascus aurantiacus","","10329194; 10329194; ","pH 5.0, 50&deg;C",297,"4-nitrophenyl beta-D-xylopyranoside","0; ","5.5","27554938; ","mutant N257D","80.0","0; ","","0; ","70.0-85.0","70&Acirc;&deg;C: about 70% of maximal activity, 85&Acirc;&deg;C: about 10% of maximal activity","pH 5.0, 50&Acirc;&deg;C","0; ",833,"4-methylumbelliferyl-xylotriose","0; ","33000.0","1 ",NA,NA,NA,NA,"12% of maximal activity at pH 3.5 and at pH 7.5","0; ","3.5-7.5","1849.0","mutant H209N, pH 5.0, 65&Acirc;&deg;C","27554938; ","0; ","7.1",""
"172","3.2.1.8","4-beta-D-xylan xylanohydrolase","endo-1,4-beta-xylanase","Thermobifida fusca","","0; 25768418; 25887328; 0; 25768418; 25887328; ",NA,NA,NA,NA,"8.0-6.0","25887328; ","recombinant protein, both with and without His-tag","80.0-60.0","25887328; ","recombinant protein, both with and without His-tag","25887328; ","60.0-80.0","more than 60% of maximum activity, recombinant protein, both with and without His-tag","mutant 2TfxA98","18292971; ",225,"xylan",NA,NA,NA,NA,NA,NA,NA,"more than 60% of maximum activity, recombinant protein, both with and without His-tag","25887328; ","6.0-9.0","1108.0","mutant 2TfxA98","18292971; ",NA,NA,NA
"173","3.2.1.8","4-beta-D-xylan xylanohydrolase","endo-1,4-beta-xylanase","Thermobifida fusca","hybrid gene from Thermomonospora fusca with N-terminal region of Bacillus subtilis","16086105; 16086105; ",NA,NA,NA,NA,"8.0-6.0","25887328; ","recombinant protein, both with and without His-tag","80.0-60.0","25887328; ","recombinant protein, both with and without His-tag","25887328; ","60.0-80.0","more than 60% of maximum activity, recombinant protein, both with and without His-tag","mutant 2TfxA98","18292971; ",225,"xylan",NA,NA,NA,NA,NA,NA,NA,"more than 60% of maximum activity, recombinant protein, both with and without His-tag","25887328; ","6.0-9.0","1108.0","mutant 2TfxA98","18292971; ",NA,NA,NA
"174","3.2.1.8","4-beta-D-xylan xylanohydrolase","endo-1,4-beta-xylanase","Thermomyces lanuginosus","","28764103; 0; ","Km value is 10.9 mg/ml, pH 6.0, 60&Acirc;&deg;C",-999,"oat spelt xylan","23793944; ","8.1-7.0","0; ","mutant M7","75.0-75.0","9648252; ","","0; ","100.0-75.0","40% of maximum activity","mutant M7, pH 6.0, 50&deg;C","0; ",7159,"oat spelt xylan","2306111; ","29000.0","gel filtration","0; ",-999,"kcat/Km value of wild-type 53279 ml/mg/s, of mutant M7 73048 ml/mg/s, respectively, pH 6.0, 50&deg;C","oat spelt xylan","more than 90% of maximum activity","10849173; ","5.5-9.5","3209.0","","10467122; ","100478004; ","6.0","mutant enzyme; wild-type enzyme"
"175","3.2.1.8","4-beta-D-xylan xylanohydrolase","endo-1,4-beta-xylanase","Thermomyces lanuginosus","gene XynA","14532063; 14532063; ","Km value is 10.9 mg/ml, pH 6.0, 60&Acirc;&deg;C",-999,"oat spelt xylan","23793944; ","8.1-7.0","0; ","mutant M7","75.0-75.0","9648252; ","","0; ","100.0-75.0","40% of maximum activity","mutant M7, pH 6.0, 50&deg;C","0; ",7159,"oat spelt xylan","2306111; ","29000.0","gel filtration","0; ",-999,"kcat/Km value of wild-type 53279 ml/mg/s, of mutant M7 73048 ml/mg/s, respectively, pH 6.0, 50&Acirc;&deg;C","oat spelt xylan","more than 90% of maximum activity","10849173; ","5.5-9.5","17778.0","mutant M7, pH 6.0, 50&Acirc;&deg;C","0; ","100478004; ","6.0","mutant enzyme; wild-type enzyme"
"176","3.2.1.8","4-beta-D-xylan xylanohydrolase","endo-1,4-beta-xylanase","Thermomyces lanuginosus","","23793944; 14532063; 0; 22425398; 23793944; 14532063; 9753433; 0; ","0.91 mg/ml",-999,"xylan","2306111; ","8.1-7.0","0; ","mutant M7","75.0-75.0","14532063; ","native and recombinant enzyme","10849173; ","100.0-75.0","40% of maximum activity","mutant M7, pH 6.0, 50&deg;C","0; ",7159,"oat spelt xylan","2306111; ","29000.0","gel filtration","0; ",-999,"kcat/Km value of wild-type 53279 ml/mg/s, of mutant M7 73048 ml/mg/s, respectively, pH 6.0, 50&Acirc;&deg;C","oat spelt xylan","","100478004; ","3.0-9.0","17778.0","mutant M7, pH 6.0, 50&Acirc;&deg;C","0; ","100478004; ","6.0","mutant enzyme; wild-type enzyme"
"177","3.2.1.8","4-beta-D-xylan xylanohydrolase","endo-1,4-beta-xylanase","Thermomyces lanuginosus DSM 10635","","22425398; 22425398; ",NA,NA,NA,NA,NA,NA,NA,NA,NA,NA,NA,NA,NA,NA,NA,NA,NA,NA,NA,NA,NA,NA,NA,NA,NA,NA,NA,NA,NA,NA,NA,NA,NA
"178","3.2.1.8","4-beta-D-xylan xylanohydrolase","endo-1,4-beta-xylanase","Thermomyces lanuginosus IOC-4145","gene XynA","14532063; 14532063; ",NA,NA,NA,NA,NA,NA,NA,NA,NA,NA,NA,NA,NA,NA,NA,NA,NA,NA,NA,NA,NA,NA,NA,NA,NA,NA,NA,NA,NA,NA,NA,NA,NA
"179","3.2.1.8","4-beta-D-xylan xylanohydrolase","endo-1,4-beta-xylanase","Thermomyces lanuginosus SS-8","","23793944; 23793944; ",NA,NA,NA,NA,NA,NA,NA,NA,NA,NA,NA,NA,NA,NA,NA,NA,NA,NA,NA,NA,NA,NA,NA,NA,NA,NA,NA,NA,NA,NA,NA,NA,NA
"180","3.2.1.8","4-beta-D-xylan xylanohydrolase","endo-1,4-beta-xylanase","Thermomyces lanuginosus VAPS-24","","28764103; 0; ",NA,NA,NA,NA,NA,NA,NA,NA,NA,NA,NA,NA,NA,NA,NA,NA,NA,NA,NA,NA,NA,NA,NA,NA,NA,NA,NA,NA,NA,NA,NA,NA,NA
"181","3.2.1.8","4-beta-D-xylan xylanohydrolase","endo-1,4-beta-xylanase","Thermotoga maritima","endo-1,4-beta-xylanase A precursor","18320143; 18320143; ","",-999,"more","0; ","6.1","0; ","assay at","90.0","0; ","","19426845; ","30.0-90.0","activity range of mutant hybrid enzyme, profile, overview","from birchwood, pH 6.1, 50&deg;C","0; ",106.5,"xylan","18083821; ","120000.0","XynA, SDS-PAGE",NA,NA,NA,NA,NA,NA,NA,"1099.0","substrate beechwood xylan, purified recombinant enzyme","0; ",NA,NA,NA
"182","3.2.1.8","4-beta-D-xylan xylanohydrolase","endo-1,4-beta-xylanase","Trichoderma longibrachiatum","","25248993; 25248993; ","",-999,"more","0; ","5.0-6.0","0; ","","45.0","0; ","",NA,NA,NA,NA,NA,NA,NA,"0; ","37700.0","non-denaturing PAGE",NA,NA,NA,NA,NA,NA,NA,"6630.0","","0; ",NA,NA,NA
"183","3.2.1.8","4-beta-D-xylan xylanohydrolase","endo-1,4-beta-xylanase","Trichoderma reesei","gene xyn2","19527524; 19527524; ","Km for beta-1,4-xylan from birchwood is 0.15 mg/ml",-999,"more","19556747; ","6.0-6.0","20064285; ","Xyn2","65.0-62.0","19426845; ","recombinant hybrid mutant","23241981; ","50.0-70.0","activity at 50&deg;C is slightly higher than activity at 70&deg;C","oat spelt xylan, pH 6.0, 60&deg;C, recombinant Xyn2","20064285; ",512.4,"beta-1,4-xylan","0; ","32000.0","x ",NA,NA,NA,NA,"approximately 90% of the maximal (relative) activity is gained in the pH range 4.8-6.4 at 50&Acirc;&deg;C in citrate/phosphate buffer","17988729; ","4.8-6.4","2873.0","37&Acirc;&deg;C, pH 5.0, activity in crude-cell-free fungal extracts collected from fungal cultures on Miscanthus cell walls after 1 week","25784958; ","16139382; ","9.0","isoelectric focusing"
"184","3.2.1.8","4-beta-D-xylan xylanohydrolase","endo-1,4-beta-xylanase","Trichoderma reesei","Xyn2 or Rut C-30; gene xyn2","19556747; 19556747; ","in 10 mM ammonium acetate buffer at pH 5.0 and 20&deg;C",0.136,"xylopentaose","17475200; ","6.0-6.0","20064285; ","Xyn2","65.0-62.0","19426845; ","recombinant hybrid mutant","23241981; ","50.0-70.0","activity at 50&Acirc;&deg;C is slightly higher than activity at 70&Acirc;&deg;C","oat spelt xylan, pH 6.0, 60&deg;C, recombinant Xyn2","20064285; ",512.4,"beta-1,4-xylan","0; ","32000.0","x ",NA,NA,NA,NA,"approximately 90% of the maximal (relative) activity is gained in the pH range 4.8-6.4 at 50&deg;C in citrate/phosphate buffer","17988729; ","4.8-6.4","2873.0","37&Acirc;&deg;C, pH 5.0, activity in crude-cell-free fungal extracts collected from fungal cultures on Miscanthus cell walls after 1 week","25784958; ","16139382; ","9.0","isoelectric focusing"
"185","3.2.1.8","4-beta-D-xylan xylanohydrolase","endo-1,4-beta-xylanase","Trichoderma reesei","","16139382; 22878642; 16139382; 22878642; ","in 10 mM ammonium acetate buffer at pH 5.0 and 20&deg;C",0.136,"xylopentaose","17475200; ","6.0-6.0","20064285; ","Xyn2","65.0-62.0","19426845; ","recombinant hybrid mutant","23241981; ","50.0-70.0","activity at 50&deg;C is slightly higher than activity at 70&deg;C","in 10 mM ammonium acetate buffer at pH 5.0 and 20&Acirc;&deg;C","17475200; ",68,"xylohexaose","0; ","32000.0","x ",NA,NA,NA,NA,"approximately 90% of the maximal (relative) activity is gained in the pH range 4.8-6.4 at 50&Acirc;&deg;C in citrate/phosphate buffer","17988729; ","4.8-6.4","2873.0","37&Acirc;&deg;C, pH 5.0, activity in crude-cell-free fungal extracts collected from fungal cultures on Miscanthus cell walls after 1 week","25784958; ","16139382; ","9.0","isoelectric focusing"
"186","3.2.1.8","4-beta-D-xylan xylanohydrolase","endo-1,4-beta-xylanase","Trichoderma reesei","xylanase II","11917150; 11917150; ","Km for beta-1,4-xylan from birchwood is 0.15 mg/ml",-999,"more","19556747; ","6.0-6.0","20064285; ","Xyn2","65.0-62.0","19426845; ","recombinant hybrid mutant","23241981; ","50.0-70.0","activity at 50&Acirc;&deg;C is slightly higher than activity at 70&Acirc;&deg;C","oat spelt xylan, pH 6.0, 60&deg;C, recombinant Xyn2","20064285; ",512.4,"beta-1,4-xylan","0; ","32000.0","x ",NA,NA,NA,NA,"approximately 90% of the maximal (relative) activity is gained in the pH range 4.8-6.4 at 50&deg;C in citrate/phosphate buffer","17988729; ","4.8-6.4","2873.0","37&deg;C, pH 5.0, activity in crude-cell-free fungal extracts collected from fungal cultures on Miscanthus cell walls after 1 week","25784958; ","16139382; ","9.0","isoelectric focusing"
"187","3.2.1.8","4-beta-D-xylan xylanohydrolase","endo-1,4-beta-xylanase","Trichoderma reesei RUT C-30","gene xyn2","19527524; 19527524; ",NA,NA,NA,NA,NA,NA,NA,NA,NA,NA,NA,NA,NA,NA,NA,NA,NA,NA,NA,NA,NA,NA,NA,NA,NA,NA,NA,NA,NA,NA,NA,NA,NA
"188","3.2.1.8","4-beta-D-xylan xylanohydrolase","endo-1,4-beta-xylanase","Trichoderma viride","precursor","18320143; 18320143; ",NA,NA,NA,NA,"5.0","16663064; ","",NA,NA,NA,NA,NA,NA,NA,NA,NA,NA,"16667971; ","21500.0","x ",NA,NA,NA,NA,"less than 50% of maximal activity only below pH 3.5 and above pH 7.0","16663064; ","3.5-7.0","-999.0","","16663064; ",NA,NA,NA
"189","3.2.1.8","4-beta-D-xylan xylanohydrolase","endo-1,4-beta-xylanase","uncultured bacterium","","18515360; 18515360; ","Km value 4.39 mg/ml, pH 6.0, 50&deg;C",-999,"birchwood xylan","26358761; ","7.2-8.0","18515360; ","recombinant form of full-length Xyn11, pH optimum of 8.0 using oat-spelled xylan and 7.2 when 4-nitrophenyl-beta-D-xylotrioside is the substrate","65.0","18515360; ","native enzyme",NA,NA,NA,"pH 6.0, 50&Acirc;&deg;C","26358761; ",125.9,"birchwood xylan","26358761; ","80000.0","",NA,NA,NA,NA,NA,NA,NA,"664.7","pH 6.0, 50&Acirc;&deg;C","26358761; ","26358761; ","5.0","calculated"
"190","3.2.1.8","4-beta-D-xylan xylanohydrolase","endo-1,4-beta-xylanase","uncultured microorganism","from Bos mutus rumen; RuCelA, a bifunctional xylanase/endoglucanase, EC 3.2.1.8 and EC 3.2.1.73; isolated from rumen from a yak rumen metagenomic library, chinese yak, Bos grunniens","21455595; 21455595; ","Michaelis-Menten kinetics",-999,"more","21455595; ","7.0","23117673; ","","65.0","21455595; ","","21455595; ","35.0-75.0","activity range",NA,NA,NA,NA,"21455595; ","60600.0","calculated mass",NA,NA,NA,NA,"40% of maximum activity","23117673; ","10.0-10.0","938.0","barley glucan as substrate, pH 7.0, 65&Acirc;&deg;C","21455595; ",NA,NA,NA
"191","3.2.1.8","4-beta-D-xylan xylanohydrolase","endo-1,4-beta-xylanase","uncultured microorganism","","26719223; 26719223; ","Michaelis-Menten kinetics",-999,"more","21455595; ","7.0","23117673; ","","65.0","21455595; ","","21455595; ","35.0-75.0","activity range",NA,NA,NA,NA,"21455595; ","60600.0","calculated mass",NA,NA,NA,NA,"40% of maximum activity","23117673; ","10.0-10.0","938.0","barley glucan as substrate, pH 7.0, 65&deg;C","21455595; ",NA,NA,NA
"192","3.2.1.8","4-beta-D-xylan xylanohydrolase","endo-1,4-beta-xylanase","uncultured microorganism","isolated from alkaline wastewater sludge of a paper mill","23117673; 23117673; ","Michaelis-Menten kinetics",-999,"more","21455595; ","7.0","23117673; ","","65.0","21455595; ","","21455595; ","35.0-75.0","activity range",NA,NA,NA,NA,"21455595; ","60600.0","calculated mass",NA,NA,NA,NA,"40% of maximum activity","23117673; ","10.0-10.0","938.0","barley glucan as substrate, pH 7.0, 65&Acirc;&deg;C","21455595; ",NA,NA,NA
"193","3.2.1.8","4-beta-D-xylan xylanohydrolase","endo-1,4-beta-xylanase","Ustilago maydis","","23889751; 23889751; ",NA,NA,NA,NA,NA,NA,NA,NA,NA,NA,NA,NA,NA,NA,NA,NA,NA,NA,NA,NA,NA,NA,NA,NA,NA,NA,NA,NA,NA,NA,NA,NA,NA
"194","3.2.1.8","4-beta-D-xylan xylanohydrolase","endo-1,4-beta-xylanase","Ustilago maydis 521","","23889751; 23889751; ",NA,NA,NA,NA,NA,NA,NA,NA,NA,NA,NA,NA,NA,NA,NA,NA,NA,NA,NA,NA,NA,NA,NA,NA,NA,NA,NA,NA,NA,NA,NA,NA,NA
"195","3.2.1.8","4-beta-D-xylan xylanohydrolase","endo-1,4-beta-xylanase","Xanthomonas oryzae","precursor","17022171; 17022171; ",NA,NA,NA,NA,NA,NA,NA,NA,NA,NA,NA,NA,NA,NA,NA,NA,NA,NA,NA,NA,NA,NA,NA,NA,NA,NA,NA,NA,NA,NA,NA,NA,NA
